row_number,lang,favorited,truncated,text,created_at,retweeted,source,place,user,retweet_count,id,favorite_count,urls,user_mentions,hashtags,retweeted_status,in_reply_to_screen_name,in_reply_to_user_id,possibly_sensitive,in_reply_to_status_id
1,en,False,False,"Active crime scene on I-59/20 near Jeff/Tusc Co line. One dead, one injured; shooting involved. Police search in the area; traffic stopped",Fri Jan 31 05:51:59 +0000 2014,False,http://tapbots.com/software/tweetbot/mac,"{""country_code"":""US"",""url"":""https://api.twitter.com/1.1/geo/id/cf44347a08102884.json"",""country"":""United States"",""place_type"":""city"",""bounding_box"":{""type"":""Polygon"",""coordinates"":[[[-86.926154,33.267324],[-86.598948,33.267324],[-86.598948,33.471006],[-86.926154,33.471006]]]},""contained_within"":[],""full_name"":""Hoover, AL"",""attributes"":{},""id"":""cf44347a08102884"",""name"":""Hoover""}","{""id"":15220806,""profile_sidebar_fill_color"":""DDEEF6"",""profile_text_color"":""333333"",""followers_count"":118021,""location"":""Alabama"",""profile_background_color"":""C0DEED"",""listed_count"":1705,""utc_offset"":-21600,""statuses_count"":76381,""description"":""Media meteorologist. WeatherBrains host. Weather geek."",""friends_count"":52014,""profile_link_color"":""0084B4"",""profile_image_url"":""https://pbs.twimg.com/profile_images/1890149584/spannwantsyou_normal.jpg"",""geo_enabled"":true,""profile_banner_url"":""https://pbs.twimg.com/profile_banners/15220806/1381811159"",""profile_background_image_url"":""http://abs.twimg.com/images/themes/theme1/bg.png"",""screen_name"":""spann"",""lang"":""en"",""profile_background_tile"":false,""favourites_count"":27,""name"":""James Spann"",""url"":""http://t.co/7bmABA89RQ"",""created_at"":""Tue Jun 24 16:02:10 +0000 2008"",""time_zone"":""Central Time (US & Canada)"",""protected"":false}",66,429129916446031872,4,,,,,,,,
2,en,False,False,Police have arrested a suspect in the Monday shooting at the basketball courts behind Word Tabernacle Church. http://t.co/X67i7jajij,Fri Jan 31 05:01:39 +0000 2014,False,http://www.hootsuite.com,,"{""id"":32211324,""profile_sidebar_fill_color"":""252429"",""profile_text_color"":""666666"",""followers_count"":1545,""location"":""Rocky Mount, N.C."",""profile_background_color"":""1A1B1F"",""listed_count"":29,""utc_offset"":-18000,""statuses_count"":4132,""description"":""The official Twitter page of the Rocky Mount Telegram.\r\nDownload our iPhone app http://t.co/uBvtDTcX or connect with us on Facebook http://t.co/rO02GxZ4"",""friends_count"":1247,""profile_link_color"":""2FC2EF"",""profile_image_url"":""https://pbs.twimg.com/profile_images/141529387/telegram_normal.jpg"",""profile_banner_url"":""https://pbs.twimg.com/profile_banners/32211324/1347983632"",""profile_background_image_url"":""http://a0.twimg.com/profile_background_images/378800000002053559/165983c0084967862a6b0691b6f068eb.gif"",""screen_name"":""telegramreports"",""lang"":""en"",""profile_background_tile"":true,""favourites_count"":4,""name"":""Rocky Mount Telegram"",""url"":""http://t.co/5roCR1FdBW"",""created_at"":""Thu Apr 16 23:57:08 +0000 2009"",""time_zone"":""Quito"",""protected"":false}",49,429117247307923456,6,"{""http://t.co/X67i7jajij"":""http://ow.ly/t8pwn""}",,,,,,,
3,en,False,False,Lawsuit alleges Chicago Police strip-searched trio in public http://t.co/NGVCe42BUW via @suntimes,Fri Jan 31 18:10:37 +0000 2014,False,http://twitter.com/tweetbutton,,"{""id"":37501003,""profile_sidebar_fill_color"":""252429"",""profile_text_color"":""666666"",""followers_count"":25874,""location"":""Northern Virginia"",""profile_background_color"":""1A1B1F"",""listed_count"":915,""utc_offset"":-18000,""statuses_count"":34912,""description"":""Independent journalist reporting on the underclass and marginalized. Objectivity is bullshit. raniakhalek@gmail.com"",""friends_count"":899,""profile_link_color"":""75112D"",""profile_image_url"":""https://pbs.twimg.com/profile_images/425852441901670400/en9EfDa1_normal.jpeg"",""profile_banner_url"":""https://pbs.twimg.com/profile_banners/37501003/1361346771"",""profile_background_image_url"":""http://abs.twimg.com/images/themes/theme9/bg.gif"",""screen_name"":""RaniaKhalek"",""lang"":""en"",""profile_background_tile"":false,""favourites_count"":7333,""name"":""Rania Khalek"",""url"":""http://t.co/WtQ3QXToI7"",""created_at"":""Sun May 03 21:01:20 +0000 2009"",""time_zone"":""Eastern Time (US & Canada)"",""protected"":false}",20,429315798893461505,6,"{""http://t.co/NGVCe42BUW"":""http://www.suntimes.com/news/crime/25265996-418/lawsuit-chicago-police-strip-searched-trio-in-public.html""}","[{""screen_name"":""Suntimes"",""id"":12811952,""name"":""Chicago Sun-Times""}]",,,,,,
4,en,False,False,New NRA Advice: Don't Cooperate With Police If Your Gun Shows Up At A Crime Scene;  http://t.co/f96jCNY3wV #patriots #liberty,Fri Jan 31 02:33:17 +0000 2014,False,web,,"{""id"":34643610,""profile_sidebar_fill_color"":""DBE1F2"",""profile_text_color"":""000000"",""followers_count"":35649,""profile_background_color"":""174A82"",""listed_count"":1989,""utc_offset"":-18000,""statuses_count"":38235,""description"":""Media Matters guy. Author. Bowler. Utica Club aficionado. Opinions are my own. Especially ones that offend people."",""friends_count"":602,""profile_link_color"":""336699"",""profile_image_url"":""https://pbs.twimg.com/profile_images/1093194645/Screen_shot_2010-08-01_at_3.43.56_PM_normal.png"",""profile_background_image_url"":""http://a0.twimg.com/profile_background_images/9860779/book.jpg"",""screen_name"":""EricBoehlert"",""lang"":""en"",""profile_background_tile"":false,""favourites_count"":10,""name"":""Eric Boehlert"",""url"":""http://t.co/QsWd6rjSG8"",""created_at"":""Thu Apr 23 15:39:39 +0000 2009"",""time_zone"":""Eastern Time (US & Canada)"",""protected"":false}",19,429079910091476992,3,"{""http://t.co/f96jCNY3wV"":""http://bit.ly/1iRFr4e""}",,"[""patriots"",""liberty""]",,,,,
5,en,False,False,"Police failing to stamp out ‘honour crimes’, from domestic violence and forced marriage to FGM and murder http://t.co/SLuXLgbQbU",Thu Jan 30 23:18:45 +0000 2014,False,https://about.twitter.com/products/tweetdeck,,"{""id"":6107422,""verified"":true,""profile_sidebar_fill_color"":""FFFFFF"",""profile_text_color"":""000000"",""followers_count"":161300,""location"":""London"",""profile_background_color"":""EFEFEF"",""listed_count"":4062,""statuses_count"":91224,""description"":""News, comment and features from the Newspaper of the Year. Become a member at http://t.co/ECCtaoOMeD  Tweet @Times_CS for customer assistance"",""friends_count"":576,""profile_link_color"":""000000"",""profile_image_url"":""https://pbs.twimg.com/profile_images/378800000738359120/687f2a6f8864ef1b11d263c92041f122_normal.png"",""profile_banner_url"":""https://pbs.twimg.com/profile_banners/6107422/1360581417"",""profile_background_image_url"":""http://a0.twimg.com/profile_background_images/787983049/045c3fadaacbb35147cac3fa14bbda6d.png"",""screen_name"":""thetimes"",""lang"":""en"",""profile_background_tile"":true,""favourites_count"":1043,""name"":""The Times of London"",""url"":""http://t.co/5Xz3gRRPmg"",""created_at"":""Thu May 17 13:35:19 +0000 2007"",""time_zone"":""London"",""protected"":false}",21,429030956888899584,3,"{""http://t.co/SLuXLgbQbU"":""http://thetim.es/LfJ2Kr""}",,,,,,,
6,en,False,False,"Today's front page: 
Police failing to stamp out ‘honour crimes’ http://t.co/SLuXLgbQbU http://t.co/w7ft9HW4Vx",Fri Jan 31 07:22:18 +0000 2014,False,https://about.twitter.com/products/tweetdeck,,"{""id"":6107422,""verified"":true,""profile_sidebar_fill_color"":""FFFFFF"",""profile_text_color"":""000000"",""followers_count"":161300,""location"":""London"",""profile_background_color"":""EFEFEF"",""listed_count"":4062,""statuses_count"":91224,""description"":""News, comment and features from the Newspaper of the Year. Become a member at http://t.co/ECCtaoOMeD  Tweet @Times_CS for customer assistance"",""friends_count"":576,""profile_link_color"":""000000"",""profile_image_url"":""https://pbs.twimg.com/profile_images/378800000738359120/687f2a6f8864ef1b11d263c92041f122_normal.png"",""profile_banner_url"":""https://pbs.twimg.com/profile_banners/6107422/1360581417"",""profile_background_image_url"":""http://a0.twimg.com/profile_background_images/787983049/045c3fadaacbb35147cac3fa14bbda6d.png"",""screen_name"":""thetimes"",""lang"":""en"",""profile_background_tile"":true,""favourites_count"":1043,""name"":""The Times of London"",""url"":""http://t.co/5Xz3gRRPmg"",""created_at"":""Thu May 17 13:35:19 +0000 2007"",""time_zone"":""London"",""protected"":false}",25,429152645702352896,3,"{""http://t.co/SLuXLgbQbU"":""http://thetim.es/LfJ2Kr""}",,,,,,,
7,en,False,False,"Town of Tonawanda Police Search for Bank Robbery Suspect
http://t.co/4aJxs3Mv9G http://t.co/320mwHfuPl",Thu Jan 30 22:19:37 +0000 2014,False,https://about.twitter.com/products/tweetdeck,,"{""id"":15308015,""verified"":true,""profile_sidebar_fill_color"":""DDFFCC"",""profile_text_color"":""333333"",""followers_count"":37973,""location"":""Buffalo, NY"",""profile_background_color"":""9AE4E8"",""listed_count"":627,""utc_offset"":-18000,""statuses_count"":46026,""description"":""2 On Your Side is WGRZ-TV in Buffalo, NY; the news station that holds people in power accountable!"",""friends_count"":1543,""profile_link_color"":""0084B4"",""profile_image_url"":""https://pbs.twimg.com/profile_images/3608768961/2cfd4ec6e0273b75a6b596d2dbb45a8d_normal.jpeg"",""profile_banner_url"":""https://pbs.twimg.com/profile_banners/15308015/1367614587"",""profile_background_image_url"":""http://a0.twimg.com/profile_background_images/859330132/afc71a587f9808370e25cf27d6c1086f.jpeg"",""screen_name"":""WGRZ"",""lang"":""en"",""profile_background_tile"":true,""favourites_count"":239,""name"":""WGRZ"",""url"":""http://t.co/ciJPXP2KCF"",""created_at"":""Thu Jul 03 13:14:17 +0000 2008"",""time_zone"":""Eastern Time (US & Canada)"",""protected"":false}",18,429016075921940481,3,"{""http://t.co/4aJxs3Mv9G"":""http://on.wgrz.com/1eAYaKe""}",,,,,,,
8,en,False,False,"Due to lack of police protection, #Christians in #Pakistan become easy targets for crime and abuse. http://t.co/6Ld0Zs9h29 ^ws",Thu Jan 30 14:31:21 +0000 2014,False,http://www.hootsuite.com,,"{""id"":39288218,""profile_sidebar_fill_color"":""2E2D33"",""profile_text_color"":""FFFFFF"",""followers_count"":26122,""location"":""Washington, D.C."",""profile_background_color"":""66201A"",""listed_count"":968,""utc_offset"":-18000,""statuses_count"":15823,""description"":""Your bridge to the persecuted Church."",""friends_count"":13051,""profile_link_color"":""66201A"",""profile_image_url"":""https://pbs.twimg.com/profile_images/2426077357/fhwptbxflx6nwksesu6j_normal.jpeg"",""profile_background_image_url"":""http://a0.twimg.com/profile_background_images/839990601/4d2636234a53eebae33401cb42a5a341.jpeg"",""screen_name"":""persecutionnews"",""lang"":""en"",""profile_background_tile"":false,""favourites_count"":9,""name"":""persecution.org"",""url"":""http://t.co/4cnV9ebLhE"",""created_at"":""Mon May 11 16:51:18 +0000 2009"",""time_zone"":""Eastern Time (US & Canada)"",""protected"":false}",27,428898232690044928,6,"{""http://t.co/6Ld0Zs9h29"":""http://ow.ly/t6F0U""}",,"[""Christians"",""Pakistan""]",,,,,
9,en,False,False,New #NRA Advice: Don't Cooperate With Police If Your Gun Shows Up At A Crime Scene http://t.co/ldIDJ75Did,Thu Jan 30 18:24:27 +0000 2014,False,http://twitter.com/tweetbutton,,"{""id"":576318595,""profile_sidebar_fill_color"":""DDEEF6"",""profile_text_color"":""333333"",""followers_count"":286,""location"":""Washington, DC"",""profile_background_color"":""C0DEED"",""listed_count"":15,""utc_offset"":-18000,""statuses_count"":2215,""description"":""Researcher at @mmfa. I write about guns and public safety. Go Orioles! Opinions expressed here are my own."",""friends_count"":243,""profile_link_color"":""0084B4"",""profile_image_url"":""https://pbs.twimg.com/profile_images/2726738713/81e34997329b6d40396433e87db5deff_normal.jpeg"",""profile_background_image_url"":""http://abs.twimg.com/images/themes/theme1/bg.png"",""screen_name"":""timothywjohnson"",""lang"":""en"",""profile_background_tile"":false,""favourites_count"":7,""name"":""Timothy Johnson"",""url"":""http://t.co/nEKWfcQ9Vn"",""created_at"":""Thu May 10 15:18:40 +0000 2012"",""time_zone"":""Eastern Time (US & Canada)"",""protected"":false}",22,428956892602191873,4,"{""http://t.co/ldIDJ75Did"":""http://mm4a.org/1dQO1rI""}",,"[""NRA""]",,,,,
10,en,False,False,Commish Batts makes a strong case for legalizing marijuana - to end the violent MJ trade in Baltimore. @baltimoresun http://t.co/A0TRUflAYl,Fri Jan 31 04:37:05 +0000 2014,False,http://twitter.com/download/iphone,,"{""id"":141695764,""profile_sidebar_fill_color"":""DDEEF6"",""profile_text_color"":""333333"",""followers_count"":2167,""location"":""Baltimore, MD"",""profile_background_color"":""C0DEED"",""listed_count"":59,""utc_offset"":-14400,""statuses_count"":660,""description"":""33 year law enforcement veteran and executive director for Law Enforcement Against Prohibition. (Drug Policy) Drug Abuse Is Bad, But The Drug War Is Worse!"",""friends_count"":1236,""profile_link_color"":""0084B4"",""profile_image_url"":""https://pbs.twimg.com/profile_images/1164768654/image_normal.jpg"",""profile_banner_url"":""https://pbs.twimg.com/profile_banners/141695764/1379008573"",""profile_background_image_url"":""http://a0.twimg.com/profile_background_images/378800000072780577/dca6ae4a24e80ae159fb5691b99760de.jpeg"",""screen_name"":""NeillFranklin"",""lang"":""en"",""profile_background_tile"":true,""favourites_count"":5,""name"":""Neill Franklin"",""url"":""http://t.co/i1g5tziypG"",""created_at"":""Sat May 08 19:33:51 +0000 2010"",""time_zone"":""Atlantic Time (Canada)"",""protected"":false}",18,429111068368326656,2,"{""http://t.co/A0TRUflAYl"":""http://www.baltimoresun.com/news/maryland/crime/blog/bal-baltimore-police-commissioner-not-in-favor-of-marijuana-legalization-20140130,0,4768798.story""}","[{""screen_name"":""baltimoresun"",""id"":8861752,""name"":""The Baltimore Sun""}]",,,,,,
11,en,False,False,Police swoop on the homeless taking sleeping bags and food parcels in co-ordinated raids in Redbridge http://t.co/ZWmE54jhBP,Fri Jan 31 08:20:12 +0000 2014,False,http://twitter.com/tweetbutton,,"{""id"":16027848,""profile_sidebar_fill_color"":""EFEFEF"",""profile_text_color"":""333333"",""followers_count"":1618,""location"":""Essex, England"",""profile_background_color"":""ACDED6"",""listed_count"":29,""statuses_count"":61368,""description"":""Cast the net. Take on the plight of those who can't do it themselves. Help the helpless, hinder the arrogant. Love nature...she's all we have left. Feed birds."",""friends_count"":2001,""profile_link_color"":""191280"",""profile_image_url"":""https://pbs.twimg.com/profile_images/1656172590/SaallyGooffy_normal.jpg"",""geo_enabled"":true,""profile_background_image_url"":""http://abs.twimg.com/images/themes/theme18/bg.gif"",""screen_name"":""saramo"",""lang"":""en"",""profile_background_tile"":false,""favourites_count"":1533,""name"":""saramo"",""url"":""http://t.co/QqqTkh8960"",""created_at"":""Thu Aug 28 15:03:17 +0000 2008"",""time_zone"":""London"",""protected"":false}",22,429167217976958976,4,"{""http://t.co/ZWmE54jhBP"":""http://www.ilfordrecorder.co.uk/news/crime-court/police_swoop_on_the_homeless_taking_sleeping_bags_and_food_parcels_in_co_ordinated_raids_in_redbridge_1_2206446""}",,,,,,,
12,en,False,False,#NRAadvice: Don’t cooperate with police if your gun shows up at a crime scene: http://t.co/c96U10ed1l,Fri Jan 31 22:25:01 +0000 2014,False,http://bufferapp.com,,"{""id"":250386727,""verified"":true,""profile_sidebar_fill_color"":""DCE7F2"",""profile_text_color"":""102D54"",""followers_count"":28057,""profile_background_color"":""252525"",""listed_count"":480,""utc_offset"":-18000,""statuses_count"":4525,""description"":""NOW is the time to pass common-sense legislation to end gun violence and save lives. We #DemandAction \r\n\r\nA campaign of Mayors Against Illegal Guns"",""friends_count"":8824,""profile_link_color"":""7A0D0D"",""profile_image_url"":""https://pbs.twimg.com/profile_images/413099026070765568/Vgs3YpzU_normal.jpeg"",""geo_enabled"":true,""profile_banner_url"":""https://pbs.twimg.com/profile_banners/250386727/1373981741"",""profile_background_image_url"":""http://a0.twimg.com/profile_background_images/808607905/ed0356f230c73c1cdf67d35cacb1f41d.jpeg"",""screen_name"":""DemandAction"",""lang"":""en"",""profile_background_tile"":false,""favourites_count"":14239,""name"":""Demand Action"",""url"":""http://t.co/rj73s0xWdF"",""created_at"":""Fri Feb 11 00:24:16 +0000 2011"",""time_zone"":""Eastern Time (US & Canada)"",""protected"":false}",18,429379822314614785,8,"{""http://t.co/c96U10ed1l"":""http://maig.us/1bdFqCK""}",,"[""NRAadvice""]",,,,,
13,en,False,False,#Police : Become a Special Constable and help cut crime http://t.co/taxFZeQ4Vx Devon Cornwall,Fri Jan 31 12:49:56 +0000 2014,False,http://dlvr.it,,"{""id"":82324228,""verified"":true,""profile_sidebar_fill_color"":""003366"",""profile_text_color"":""808080"",""followers_count"":23498,""location"":""Devon and Cornwall, England"",""profile_background_color"":""003366"",""listed_count"":391,""statuses_count"":7989,""description"":""We do not monitor Twitter 24/7.\r\nFor non emergencies or reporting crime, tel 101 or in an emergency 999."",""friends_count"":384,""profile_link_color"":""2FC2EF"",""profile_image_url"":""https://pbs.twimg.com/profile_images/1640112931/66c20988-82d1-411d-b2f9-2c79c5d0cd1a_normal.png"",""geo_enabled"":true,""profile_banner_url"":""https://pbs.twimg.com/profile_banners/82324228/1330442066"",""profile_background_image_url"":""http://a0.twimg.com/profile_background_images/436849006/police_emergency3.jpg"",""screen_name"":""DC_Police"",""lang"":""en"",""profile_background_tile"":false,""favourites_count"":31,""name"":""DevonCornwall Police"",""url"":""http://t.co/xCpendxEES"",""created_at"":""Wed Oct 14 10:00:44 +0000 2009"",""time_zone"":""London"",""protected"":false}",17,429235096919359488,2,"{""http://t.co/taxFZeQ4Vx"":""http://goo.gl/w10Ck7""}",,"[""Police""]",,,,,
14,en,False,False,BREAKING NEWS: Judge’s ruling favors officers in Badger Guns suit: http://t.co/QcQP0vLtd4,Thu Jan 30 20:23:16 +0000 2014,False,https://about.twitter.com/products/tweetdeck,,"{""id"":27978179,""profile_sidebar_fill_color"":""B9C9E2"",""profile_text_color"":""000000"",""followers_count"":17570,""location"":""Washington, D.C."",""profile_background_color"":""20285C"",""listed_count"":426,""utc_offset"":-18000,""statuses_count"":5715,""description"":""We want an America free of gun violence. We educate about the dangers of guns in homes. We honor victims and advocate for strong laws. Strong Gun Laws Work!"",""friends_count"":1240,""profile_link_color"":""CF2026"",""profile_image_url"":""https://pbs.twimg.com/profile_images/325139643/BradyTwitter_normal.jpg"",""profile_banner_url"":""https://pbs.twimg.com/profile_banners/27978179/1358642281"",""profile_background_image_url"":""http://a0.twimg.com/profile_background_images/46778826/brady-twitter1.gif"",""screen_name"":""bradybuzz"",""lang"":""en"",""profile_background_tile"":false,""favourites_count"":111,""name"":""Brady Campaign"",""url"":""http://t.co/bEtT8Fj341"",""created_at"":""Tue Mar 31 22:16:37 +0000 2009"",""time_zone"":""Quito"",""protected"":false}",15,428986795586383872,5,"{""http://t.co/QcQP0vLtd4"":""http://www.jsonline.com/news/crime/decision-expected-today-in-police-officers-suit-against-badger-guns-b99195027z1-242755941.html""}",,,,,,,
15,en,False,False,Woman police sergeant dives in river to drag drowning woman to safety http://t.co/WKSZ2Obw1k via @MailOnline Just #crime fighters? Nope!!!,Fri Jan 31 13:04:37 +0000 2014,False,http://twitter.com/tweetbutton,,"{""id"":330895534,""profile_sidebar_fill_color"":""DDEEF6"",""profile_text_color"":""333333"",""followers_count"":7112,""location"":""York,North Yorkshire"",""profile_background_color"":""C0DEED"",""listed_count"":115,""statuses_count"":53000,""description"":""Author.Having served 20 years in the Police, in London and North Yorkshire, Mike is now a Best Selling AuthorTV/Radio spokes person policing issues Consultant"",""friends_count"":1853,""profile_link_color"":""0084B4"",""profile_image_url"":""https://pbs.twimg.com/profile_images/1430456621/mike-on-the-wolds-crayke-in-the-distance_normal.jpg"",""profile_background_image_url"":""http://a0.twimg.com/profile_background_images/285840661/testing.jpg"",""screen_name"":""MikePannett"",""lang"":""en"",""profile_background_tile"":false,""favourites_count"":20971,""name"":""Mike Pannett, author"",""url"":""http://t.co/37G2TyIk3m"",""created_at"":""Thu Jul 07 09:55:05 +0000 2011"",""time_zone"":""London"",""protected"":false}",8,429238790310203392,7,"{""http://t.co/WKSZ2Obw1k"":""http://dailym.ai/1bamMIL""}","[{""screen_name"":""MailOnline"",""id"":15438913,""name"":""Daily Mail Online""}]","[""crime""]",,,,,
16,en,False,False,RT @blackmagicgal1: So AAP will continue to cry foul at Delhi police whenever a crime is reported rather than take responsibility like a go…,Sat Feb 01 07:01:12 +0000 2014,False,http://twitter.com/download/android,,"{""id"":143528722,""profile_sidebar_fill_color"":""DDEEF6"",""profile_text_color"":""333333"",""followers_count"":9534,""location"":""CITY OF DREAMS (BOMBAYY)"",""profile_background_color"":""C0DEED"",""listed_count"":55,""utc_offset"":19800,""statuses_count"":114631,""description"":""εηgiпεεя-сяickετ Frεακ-мυfс-SACHINIST-веιηg нμmaη-βεβοңоlic-вlεεds βlυε-мsdiди-YυVirατ,κρ,ωαττο-тяуiη το β Sυmoηε-keep safe distance u may fall in LOVE"",""friends_count"":4782,""profile_link_color"":""0084B4"",""profile_image_url"":""https://pbs.twimg.com/profile_images/428255065573306368/JTG0s4hv_normal.jpeg"",""geo_enabled"":true,""profile_banner_url"":""https://pbs.twimg.com/profile_banners/143528722/1384433695"",""profile_background_image_url"":""http://abs.twimg.com/images/themes/theme1/bg.png"",""screen_name"":""naushad1002"",""lang"":""en"",""profile_background_tile"":false,""favourites_count"":33818,""name"":""♚ηοτ ѕо дшεѕомξ♚™ "",""url"":""http://t.co/IrPQ3GNjZ4"",""created_at"":""Thu May 13 18:28:47 +0000 2010"",""time_zone"":""Mumbai"",""protected"":false}",7,429509723516194817,,,"[{""screen_name"":""blackmagicgal1"",""id"":318201824,""name"":""Sue""}]",,"{""lang"":""en"",""favorited"":false,""truncated"":false,""text"":""So AAP will continue to cry foul at Delhi police whenever a crime is reported rather than take responsibility like a govt should."",""created_at"":""Fri Jan 31 16:47:31 +0000 2014"",""retweeted"":false,""source"":""web"",""user"":{""id"":318201824,""profile_sidebar_fill_color"":""EAE8F0"",""profile_text_color"":""EBC42A"",""followers_count"":3748,""location"":""Planet Earth or up in the air "",""profile_background_color"":""0D0F0E"",""listed_count"":90,""utc_offset"":14400,""statuses_count"":59369,""description"":""I am a leaf in the wind, watch how I soar. The black magic lies in my eyes, read my tweets for more!"",""friends_count"":137,""profile_link_color"":""1B00B3"",""profile_image_url"":""https://pbs.twimg.com/profile_images/425949923486355456/knJaq8FK_normal.jpeg"",""profile_banner_url"":""https://pbs.twimg.com/profile_banners/318201824/1389304438"",""profile_background_image_url"":""http://a0.twimg.com/profile_background_images/378800000121260163/78be652bc2442b44c92560948a1e901d.jpeg"",""screen_name"":""blackmagicgal1"",""lang"":""en"",""profile_background_tile"":false,""favourites_count"":28240,""name"":""Sue"",""created_at"":""Thu Jun 16 03:38:35 +0000 2011"",""time_zone"":""Abu Dhabi"",""protected"":false},""retweet_count"":7,""id"":429294884885762048,""favorite_count"":5}",,,,
17,en,False,False,RT @shiven_gaur: Crime/Lawlessness has always been a problem in Delhi. Home minister and Delhi Police are answerable. Media shud stop blami…,Sat Feb 01 07:00:47 +0000 2014,False,web,,"{""id"":176335427,""profile_sidebar_fill_color"":""DDEEF6"",""profile_text_color"":""333333"",""followers_count"":54,""location"":""Bhilai"",""profile_background_color"":""C0DEED"",""listed_count"":1,""utc_offset"":-21600,""statuses_count"":2418,""description"":""INDIA NEED SWARAJ....."",""friends_count"":132,""profile_link_color"":""0084B4"",""profile_image_url"":""https://pbs.twimg.com/profile_images/415544089577156608/RK1Srr-K_normal.jpeg"",""profile_banner_url"":""https://pbs.twimg.com/profile_banners/176335427/1388860943"",""profile_background_image_url"":""http://abs.twimg.com/images/themes/theme1/bg.png"",""screen_name"":""AAPRevolutionCG"",""lang"":""en"",""profile_background_tile"":false,""favourites_count"":5,""name"":""MANISH GUPTA"",""created_at"":""Mon Aug 09 07:25:41 +0000 2010"",""time_zone"":""Guadalajara"",""protected"":false}",5,429509617756811264,,,"[{""screen_name"":""shiven_gaur"",""id"":57591654,""name"":""shivendra gaur""}]",,"{""lang"":""en"",""favorited"":false,""truncated"":false,""text"":""Crime/Lawlessness has always been a problem in Delhi. Home minister and Delhi Police are answerable. Media shud stop blaming AAP."",""created_at"":""Sat Feb 01 06:51:32 +0000 2014"",""retweeted"":false,""source"":""web"",""user"":{""id"":57591654,""profile_sidebar_fill_color"":""DDEEF6"",""profile_text_color"":""333333"",""followers_count"":55,""location"":""France"",""profile_background_color"":""C0DEED"",""utc_offset"":-32400,""statuses_count"":779,""description"":""Software Architect and a AAP supporter"",""friends_count"":199,""profile_link_color"":""0084B4"",""profile_image_url"":""https://pbs.twimg.com/profile_images/426101684515778560/_Te8AkHt_normal.jpeg"",""geo_enabled"":true,""profile_banner_url"":""https://pbs.twimg.com/profile_banners/57591654/1390426885"",""profile_background_image_url"":""http://abs.twimg.com/images/themes/theme1/bg.png"",""name"":""shivendra gaur"",""lang"":""en"",""profile_background_tile"":false,""favourites_count"":54,""screen_name"":""shiven_gaur"",""created_at"":""Fri Jul 17 08:37:13 +0000 2009"",""time_zone"":""Alaska"",""protected"":false},""retweet_count"":5,""id"":429507291763576832}",,,,
18,en,False,False,RT @shiven_gaur: Crime/Lawlessness has always been a problem in Delhi. Home minister and Delhi Police are answerable. Media shud stop blami…,Sat Feb 01 06:58:52 +0000 2014,False,web,,"{""id"":175140557,""profile_sidebar_fill_color"":""DDEEF6"",""profile_text_color"":""333333"",""followers_count"":46,""location"":""Mumbai"",""profile_background_color"":""C0DEED"",""listed_count"":1,""utc_offset"":19800,""statuses_count"":444,""description"":""Motivational Coach.\r\nAll Specialties\r\ni am doing personal counselling( Motivational/positive Coach/ Meditation)"",""friends_count"":102,""profile_link_color"":""0084B4"",""profile_image_url"":""https://pbs.twimg.com/profile_images/1682629312/IMG00121-20100829-1629_normal.jpg"",""geo_enabled"":true,""profile_banner_url"":""https://pbs.twimg.com/profile_banners/175140557/1390773698"",""profile_background_image_url"":""http://a0.twimg.com/profile_background_images/378800000176161090/U-bofkC_.jpeg"",""screen_name"":""snehashanti"",""lang"":""en"",""profile_background_tile"":true,""favourites_count"":52,""name"":""sneha shanti"",""created_at"":""Thu Aug 05 18:59:49 +0000 2010"",""time_zone"":""Mumbai"",""protected"":false}",5,429509135437017089,,,"[{""screen_name"":""shiven_gaur"",""id"":57591654,""name"":""shivendra gaur""}]",,"{""lang"":""en"",""favorited"":false,""truncated"":false,""text"":""Crime/Lawlessness has always been a problem in Delhi. Home minister and Delhi Police are answerable. Media shud stop blaming AAP."",""created_at"":""Sat Feb 01 06:51:32 +0000 2014"",""retweeted"":false,""source"":""web"",""user"":{""id"":57591654,""profile_sidebar_fill_color"":""DDEEF6"",""profile_text_color"":""333333"",""followers_count"":55,""location"":""France"",""profile_background_color"":""C0DEED"",""utc_offset"":-32400,""statuses_count"":779,""description"":""Software Architect and a AAP supporter"",""friends_count"":199,""profile_link_color"":""0084B4"",""profile_image_url"":""https://pbs.twimg.com/profile_images/426101684515778560/_Te8AkHt_normal.jpeg"",""geo_enabled"":true,""profile_banner_url"":""https://pbs.twimg.com/profile_banners/57591654/1390426885"",""profile_background_image_url"":""http://abs.twimg.com/images/themes/theme1/bg.png"",""name"":""shivendra gaur"",""lang"":""en"",""profile_background_tile"":false,""favourites_count"":54,""screen_name"":""shiven_gaur"",""created_at"":""Fri Jul 17 08:37:13 +0000 2009"",""time_zone"":""Alaska"",""protected"":false},""retweet_count"":5,""id"":429507291763576832}",,,,
19,en,False,False,RT @shiven_gaur: Crime/Lawlessness has always been a problem in Delhi. Home minister and Delhi Police are answerable. Media shud stop blami…,Sat Feb 01 06:58:28 +0000 2014,False,http://twitter.com/#!/download/ipad,,"{""lang"":""en"",""profile_background_tile"":false,""favourites_count"":2171,""name"":""harsh deep"",""friends_count"":201,""profile_sidebar_fill_color"":""DDEEF6"",""created_at"":""Sun Apr 21 10:29:40 +0000 2013"",""profile_link_color"":""0084B4"",""profile_image_url"":""https://pbs.twimg.com/profile_images/378800000191936227/940b49a1fc432bd9a9f9644bcf17a251_normal.jpeg"",""screen_name"":""DeepHarshdeep05"",""profile_text_color"":""333333"",""followers_count"":1124,""protected"":false,""profile_background_color"":""C0DEED"",""statuses_count"":19482,""geo_enabled"":true,""profile_banner_url"":""https://pbs.twimg.com/profile_banners/1369237544/1378305600"",""id"":1369237544,""profile_background_image_url"":""http://abs.twimg.com/images/themes/theme1/bg.png"",""listed_count"":10}",5,429509033045659648,,,"[{""screen_name"":""shiven_gaur"",""id"":57591654,""name"":""shivendra gaur""}]",,"{""lang"":""en"",""favorited"":false,""truncated"":false,""text"":""Crime/Lawlessness has always been a problem in Delhi. Home minister and Delhi Police are answerable. Media shud stop blaming AAP."",""created_at"":""Sat Feb 01 06:51:32 +0000 2014"",""retweeted"":false,""source"":""web"",""user"":{""id"":57591654,""profile_sidebar_fill_color"":""DDEEF6"",""profile_text_color"":""333333"",""followers_count"":55,""location"":""France"",""profile_background_color"":""C0DEED"",""utc_offset"":-32400,""statuses_count"":779,""description"":""Software Architect and a AAP supporter"",""friends_count"":199,""profile_link_color"":""0084B4"",""profile_image_url"":""https://pbs.twimg.com/profile_images/426101684515778560/_Te8AkHt_normal.jpeg"",""geo_enabled"":true,""profile_banner_url"":""https://pbs.twimg.com/profile_banners/57591654/1390426885"",""profile_background_image_url"":""http://abs.twimg.com/images/themes/theme1/bg.png"",""name"":""shivendra gaur"",""lang"":""en"",""profile_background_tile"":false,""favourites_count"":54,""screen_name"":""shiven_gaur"",""created_at"":""Fri Jul 17 08:37:13 +0000 2009"",""time_zone"":""Alaska"",""protected"":false},""retweet_count"":5,""id"":429507291763576832}",,,,
20,en,False,False,RT @CherryFlavoredd: Cause there isn't any real crime anywhere.. RT @DrinkingTicket: Police around capstone dorm arresting kids looking dru…,Sat Feb 01 06:57:23 +0000 2014,False,https://mobile.twitter.com,,"{""id"":107354780,""profile_sidebar_fill_color"":""F9A5BF"",""profile_text_color"":""000000"",""followers_count"":937,""location"":""University of Southern Comfort"",""profile_background_color"":""FFFFFF"",""listed_count"":31,""utc_offset"":-18000,""statuses_count"":57602,""description"":""I just want a man that will rub coco butter on my stretch marks.\r\n #TeamTallGirl #UniversityOfSouthCarolina\r\n#Lakers\r\n#Patriots\r\n#Gamecocks"",""friends_count"":911,""profile_link_color"":""AC169B"",""profile_image_url"":""https://pbs.twimg.com/profile_images/424736841070153728/maU05wGL_normal.jpeg"",""profile_banner_url"":""https://pbs.twimg.com/profile_banners/107354780/1358122267"",""profile_background_image_url"":""http://a0.twimg.com/profile_background_images/319320136/superheroes-batman-superman-xedover.jpg"",""screen_name"":""AshaAholic"",""lang"":""en"",""profile_background_tile"":true,""favourites_count"":2985,""name"":""Asha Greyjoy"",""url"":""http://t.co/JV1yuDEUpv"",""created_at"":""Fri Jan 22 08:46:47 +0000 2010"",""time_zone"":""Eastern Time (US & Canada)"",""protected"":false}",2,429508763708817408,,,"[{""screen_name"":""CherryFlavoredd"",""id"":360343905,""name"":""Kay.""},{""screen_name"":""DrinkingTicket"",""id"":301235543,""name"":""DrinkingTicket ®""}]",,"\""http://tweedleapp.com/\""",,,,
21,en,False,False,RT @shiven_gaur: Crime/Lawlessness has always been a problem in Delhi. Home minister and Delhi Police are answerable. Media shud stop blami…,Sat Feb 01 06:55:13 +0000 2014,False,web,,"{""lang"":""en"",""profile_background_tile"":false,""favourites_count"":20,""name"":""SAI VISHAL"",""friends_count"":707,""profile_sidebar_fill_color"":""F6FFD1"",""created_at"":""Mon Jul 20 16:43:16 +0000 2009"",""profile_link_color"":""0099CC"",""profile_image_url"":""https://pbs.twimg.com/profile_images/1305313777/IMG_0506_normal.jpg"",""profile_text_color"":""333333"",""followers_count"":43,""protected"":false,""profile_background_color"":""FFF04D"",""statuses_count"":1016,""id"":58520505,""profile_background_image_url"":""http://abs.twimg.com/images/themes/theme19/bg.gif"",""screen_name"":""VISHSAI""}",5,429508217303875584,,,"[{""screen_name"":""shiven_gaur"",""id"":57591654,""name"":""shivendra gaur""}]",,"{""lang"":""en"",""favorited"":false,""truncated"":false,""text"":""Crime/Lawlessness has always been a problem in Delhi. Home minister and Delhi Police are answerable. Media shud stop blaming AAP."",""created_at"":""Sat Feb 01 06:51:32 +0000 2014"",""retweeted"":false,""source"":""web"",""user"":{""id"":57591654,""profile_sidebar_fill_color"":""DDEEF6"",""profile_text_color"":""333333"",""followers_count"":55,""location"":""France"",""profile_background_color"":""C0DEED"",""utc_offset"":-32400,""statuses_count"":779,""description"":""Software Architect and a AAP supporter"",""friends_count"":199,""profile_link_color"":""0084B4"",""profile_image_url"":""https://pbs.twimg.com/profile_images/426101684515778560/_Te8AkHt_normal.jpeg"",""geo_enabled"":true,""profile_banner_url"":""https://pbs.twimg.com/profile_banners/57591654/1390426885"",""profile_background_image_url"":""http://abs.twimg.com/images/themes/theme1/bg.png"",""name"":""shivendra gaur"",""lang"":""en"",""profile_background_tile"":false,""favourites_count"":54,""screen_name"":""shiven_gaur"",""created_at"":""Fri Jul 17 08:37:13 +0000 2009"",""time_zone"":""Alaska"",""protected"":false},""retweet_count"":5,""id"":429507291763576832}",,,,
22,en,False,False,RT @CherryFlavoredd: Cause there isn't any real crime anywhere.. RT @DrinkingTicket: Police around capstone dorm arresting kids looking dru…,Sat Feb 01 06:54:50 +0000 2014,False,http://twicca.r246.jp/,,"{""id"":96492486,""profile_sidebar_fill_color"":""DDEEF6"",""profile_text_color"":""333333"",""followers_count"":1141,""location"":""SIGMA LAND blasting Hatch"",""profile_background_color"":""C0DEED"",""listed_count"":11,""utc_offset"":-18000,""statuses_count"":103896,""description"":""USC ALUM #GOMAB #LFS #FUTUREATTORNEY! Simple guy tryna make it 2 degree shawty, workin on a J.D. while not switching up too much #YoungProfessional"",""friends_count"":1103,""profile_link_color"":""0084B4"",""profile_image_url"":""https://pbs.twimg.com/profile_images/419245923927986176/HW-IYz2X_normal.jpeg"",""profile_banner_url"":""https://pbs.twimg.com/profile_banners/96492486/1353177309"",""profile_background_image_url"":""http://a0.twimg.com/profile_background_images/819049692/f18862b0c0368d43b649b2c4d8ac400e.jpeg"",""screen_name"":""tenACEous_b1u"",""lang"":""en"",""profile_background_tile"":true,""favourites_count"":25,""name"":""A Mut Bumpin Boosie "",""created_at"":""Sun Dec 13 05:28:35 +0000 2009"",""time_zone"":""Eastern Time (US & Canada)"",""protected"":false}",2,429508122604883969,,,"[{""screen_name"":""CherryFlavoredd"",""id"":360343905,""name"":""Kay.""},{""screen_name"":""DrinkingTicket"",""id"":301235543,""name"":""DrinkingTicket ®""}]",,"\""http://tweedleapp.com/\""",,,,
23,en,False,False,RT @DemandAction: #NRAadvice: Don’t cooperate with police if your gun shows up at a crime scene: http://t.co/c96U10ed1l,Sat Feb 01 06:54:09 +0000 2014,False,web,,"{""id"":229760916,""profile_sidebar_fill_color"":""000000"",""profile_text_color"":""000000"",""followers_count"":82,""location"":""Berlin"",""profile_background_color"":""0099B9"",""listed_count"":1,""utc_offset"":3600,""statuses_count"":1941,""description"":""Party- & theater-massive!"",""friends_count"":145,""profile_link_color"":""0099B9"",""profile_image_url"":""https://pbs.twimg.com/profile_images/1197172328/prkl__normal.jpg"",""profile_banner_url"":""https://pbs.twimg.com/profile_banners/229760916/1383944094"",""profile_background_image_url"":""http://abs.twimg.com/images/themes/theme4/bg.gif"",""screen_name"":""prklbrln"",""lang"":""en"",""profile_background_tile"":false,""favourites_count"":157,""name"":""kuilu"",""created_at"":""Thu Dec 23 07:33:22 +0000 2010"",""time_zone"":""Berlin"",""protected"":false}",18,429507949934157824,,"{""http://t.co/c96U10ed1l"":""http://maig.us/1bdFqCK""}","[{""screen_name"":""DemandAction"",""id"":250386727,""name"":""Demand Action""}]","[""NRAadvice""]","\""http://bufferapp.com\""",,,,
24,en,False,False,RT @shiven_gaur: Crime/Lawlessness has always been a problem in Delhi. Home minister and Delhi Police are answerable. Media shud stop blami…,Sat Feb 01 06:54:05 +0000 2014,False,web,,"{""lang"":""en"",""profile_background_tile"":false,""favourites_count"":623,""name"":""Pritha"",""friends_count"":1351,""profile_sidebar_fill_color"":""DDEEF6"",""created_at"":""Mon Jan 28 16:42:56 +0000 2013"",""profile_link_color"":""0084B4"",""time_zone"":""Chennai"",""profile_image_url"":""https://pbs.twimg.com/profile_images/3392606978/ed3ca0f1148f744f0635df9e0113c510_normal.jpeg"",""screen_name"":""tweetingpritha"",""profile_text_color"":""333333"",""followers_count"":2469,""protected"":false,""utc_offset"":19800,""profile_background_color"":""C0DEED"",""statuses_count"":18231,""id"":1128579816,""profile_background_image_url"":""http://abs.twimg.com/images/themes/theme1/bg.png"",""listed_count"":13}",5,429507930975510528,,,"[{""screen_name"":""shiven_gaur"",""id"":57591654,""name"":""shivendra gaur""}]",,"{""lang"":""en"",""favorited"":false,""truncated"":false,""text"":""Crime/Lawlessness has always been a problem in Delhi. Home minister and Delhi Police are answerable. Media shud stop blaming AAP."",""created_at"":""Sat Feb 01 06:51:32 +0000 2014"",""retweeted"":false,""source"":""web"",""user"":{""id"":57591654,""profile_sidebar_fill_color"":""DDEEF6"",""profile_text_color"":""333333"",""followers_count"":55,""location"":""France"",""profile_background_color"":""C0DEED"",""utc_offset"":-32400,""statuses_count"":779,""description"":""Software Architect and a AAP supporter"",""friends_count"":199,""profile_link_color"":""0084B4"",""profile_image_url"":""https://pbs.twimg.com/profile_images/426101684515778560/_Te8AkHt_normal.jpeg"",""geo_enabled"":true,""profile_banner_url"":""https://pbs.twimg.com/profile_banners/57591654/1390426885"",""profile_background_image_url"":""http://abs.twimg.com/images/themes/theme1/bg.png"",""name"":""shivendra gaur"",""lang"":""en"",""profile_background_tile"":false,""favourites_count"":54,""screen_name"":""shiven_gaur"",""created_at"":""Fri Jul 17 08:37:13 +0000 2009"",""time_zone"":""Alaska"",""protected"":false},""retweet_count"":5,""id"":429507291763576832}",,,,
25,en,False,False,Cause there isn't any real crime anywhere.. RT @DrinkingTicket: Police around capstone dorm arresting kids looking drunk coming back home...,Sat Feb 01 06:53:10 +0000 2014,False,http://tweedleapp.com/,,"{""id"":360343905,""profile_sidebar_fill_color"":""2C4673"",""profile_text_color"":""00C1FC"",""followers_count"":760,""location"":""USC '15 • D(M)V"",""profile_background_color"":""050208"",""listed_count"":5,""utc_offset"":-18000,""statuses_count"":39683,""description"":""Professional Weirdo. \n\nIG: cherryflavoredd ♌️♥️"",""friends_count"":620,""profile_link_color"":""00C1FC"",""profile_image_url"":""https://pbs.twimg.com/profile_images/416998146083155969/c_TmjZXh_normal.jpeg"",""geo_enabled"":true,""profile_banner_url"":""https://pbs.twimg.com/profile_banners/360343905/1377634343"",""profile_background_image_url"":""http://a0.twimg.com/profile_background_images/394960547/tumblr_ltix6yutY91qjc1hzo1_500.png"",""screen_name"":""CherryFlavoredd"",""lang"":""en"",""profile_background_tile"":true,""favourites_count"":79,""name"":""Kay."",""url"":""http://t.co/AhmgSc9rxd"",""created_at"":""Tue Aug 23 02:09:29 +0000 2011"",""time_zone"":""Quito"",""protected"":false}",2,429507700716613632,,,"[{""screen_name"":""DrinkingTicket"",""id"":301235543,""name"":""DrinkingTicket ®""}]",,,,,,
26,en,False,False,"India News Delhi Police arrests three  in Rs 8 cr heist, some cash recovered, mastermind absconding http://t.co/HiyzKtG4cN",Sat Feb 01 06:51:55 +0000 2014,False,http://twitterfeed.com,,"{""id"":411039931,""profile_sidebar_fill_color"":""E5507E"",""profile_text_color"":""FA0000"",""followers_count"":6119,""location"":""Karachi Pakistan"",""profile_background_color"":""B81A6E"",""listed_count"":32,""utc_offset"":18000,""statuses_count"":578339,""description"":""News. Breaking.Headlines.World.Business.Wather. Sports.Entertainment.Health.Amazing&Interesting./ America. Asia.Africa.Middle East.Europe.and more news"",""friends_count"":2790,""profile_link_color"":""B431F5"",""profile_image_url"":""https://pbs.twimg.com/profile_images/3016862685/e67aa70259c27fdbd85d81823af09423_normal.jpeg"",""geo_enabled"":true,""profile_banner_url"":""https://pbs.twimg.com/profile_banners/411039931/1382135251"",""profile_background_image_url"":""http://a0.twimg.com/profile_background_images/378800000124339287/77ef0143a764a88ac5263345962b00ad.jpeg"",""screen_name"":""Ghulam_Rasool1"",""lang"":""en"",""profile_background_tile"":true,""favourites_count"":14,""name"":""Ghulam Rasool"",""url"":""https://t.co/A1VFPEnTVn"",""created_at"":""Sat Nov 12 22:32:48 +0000 2011"",""time_zone"":""Islamabad"",""protected"":false}",,429507388056412160,,"{""http://t.co/HiyzKtG4cN"":""http://bit.ly/1enDeK7""}",,,,,,,
27,en,False,False,"India News Police sniffer dog's bark lands man in Mumbai jail for 10 years, High Court orders his release http://t.co/KAd6IIFW7r",Sat Feb 01 06:51:55 +0000 2014,False,http://twitterfeed.com,,"{""id"":411039931,""profile_sidebar_fill_color"":""E5507E"",""profile_text_color"":""FA0000"",""followers_count"":6119,""location"":""Karachi Pakistan"",""profile_background_color"":""B81A6E"",""listed_count"":32,""utc_offset"":18000,""statuses_count"":578339,""description"":""News. Breaking.Headlines.World.Business.Wather. Sports.Entertainment.Health.Amazing&Interesting./ America. Asia.Africa.Middle East.Europe.and more news"",""friends_count"":2790,""profile_link_color"":""B431F5"",""profile_image_url"":""https://pbs.twimg.com/profile_images/3016862685/e67aa70259c27fdbd85d81823af09423_normal.jpeg"",""geo_enabled"":true,""profile_banner_url"":""https://pbs.twimg.com/profile_banners/411039931/1382135251"",""profile_background_image_url"":""http://a0.twimg.com/profile_background_images/378800000124339287/77ef0143a764a88ac5263345962b00ad.jpeg"",""screen_name"":""Ghulam_Rasool1"",""lang"":""en"",""profile_background_tile"":true,""favourites_count"":14,""name"":""Ghulam Rasool"",""url"":""https://t.co/A1VFPEnTVn"",""created_at"":""Sat Nov 12 22:32:48 +0000 2011"",""time_zone"":""Islamabad"",""protected"":false}",,429507387393703936,,"{""http://t.co/KAd6IIFW7r"":""http://bit.ly/1kpGoyo""}",,,,,,,
28,en,False,False,Crime/Lawlessness has always been a problem in Delhi. Home minister and Delhi Police are answerable. Media shud stop blaming AAP.,Sat Feb 01 06:51:32 +0000 2014,False,web,,"{""id"":57591654,""profile_sidebar_fill_color"":""DDEEF6"",""profile_text_color"":""333333"",""followers_count"":55,""location"":""France"",""profile_background_color"":""C0DEED"",""utc_offset"":-32400,""statuses_count"":779,""description"":""Software Architect and a AAP supporter"",""friends_count"":199,""profile_link_color"":""0084B4"",""profile_image_url"":""https://pbs.twimg.com/profile_images/426101684515778560/_Te8AkHt_normal.jpeg"",""geo_enabled"":true,""profile_banner_url"":""https://pbs.twimg.com/profile_banners/57591654/1390426885"",""profile_background_image_url"":""http://abs.twimg.com/images/themes/theme1/bg.png"",""name"":""shivendra gaur"",""lang"":""en"",""profile_background_tile"":false,""favourites_count"":54,""screen_name"":""shiven_gaur"",""created_at"":""Fri Jul 17 08:37:13 +0000 2009"",""time_zone"":""Alaska"",""protected"":false}",5,429507291763576832,,,,,,,,,
29,en,False,False,I added a video to a @YouTube playlist http://t.co/cir6DgKsvp World's Scariest Police Chases 4 (Crime Documentary),Sat Feb 01 06:48:16 +0000 2014,False,http://www.google.com/,,"{""lang"":""en"",""profile_background_tile"":false,""favourites_count"":1,""description"":""Cool guy funny and like to hang with people"",""friends_count"":34,""profile_sidebar_fill_color"":""DDEEF6"",""created_at"":""Thu Dec 27 03:11:22 +0000 2012"",""profile_link_color"":""0084B4"",""profile_image_url"":""https://pbs.twimg.com/profile_images/378800000135801279/524ba69ba15f4d9a462797f63a5a0ee2_normal.jpeg"",""screen_name"":""jared97924980"",""profile_text_color"":""333333"",""followers_count"":8,""protected"":false,""location"":""Victoria bc"",""profile_background_color"":""C0DEED"",""statuses_count"":225,""id"":1038679111,""profile_background_image_url"":""http://abs.twimg.com/images/themes/theme1/bg.png"",""name"":""jared""}",,429506469214437376,,"{""http://t.co/cir6DgKsvp"":""http://youtu.be/xV8WrvQGytU?a""}","[{""screen_name"":""YouTube"",""id"":10228272,""name"":""YouTube""}]",,,,,,
30,en,False,False,New #Legal Remedy Against Police Activities Within Criminal Investigations - Mondaq News Alerts (registration) http://t.co/S1XdGyPOUE,Sat Feb 01 06:48:08 +0000 2014,False,http://dlvr.it,,"{""lang"":""en"",""profile_background_tile"":false,""statuses_count"":30745,""description"":""I tweet about the Law and Legal matters."",""friends_count"":922,""profile_sidebar_fill_color"":""DDEEF6"",""created_at"":""Fri Jun 15 09:47:59 +0000 2012"",""profile_link_color"":""0084B4"",""profile_image_url"":""https://pbs.twimg.com/profile_images/3770748554/ac57d92a1a3e9403d88ad020bdf0042e_normal.jpeg"",""name"":""Michelle Henry"",""profile_text_color"":""333333"",""followers_count"":1210,""protected"":false,""screen_name"":""LawTweets1"",""location"":""Sydney Australia"",""profile_background_color"":""C0DEED"",""profile_banner_url"":""https://pbs.twimg.com/profile_banners/608947631/1368069523"",""id"":608947631,""profile_background_image_url"":""http://abs.twimg.com/images/themes/theme1/bg.png"",""listed_count"":17}",,429506433801924608,,"{""http://t.co/S1XdGyPOUE"":""http://dlvr.it/4qXCdn""}",,"[""Legal""]",,,,,
31,en,False,False,"Police seek witnesses to grass fires (Delahey  - VIC):
http://t.co/7OEdJQvhMi",Sat Feb 01 06:46:27 +0000 2014,False,web,,"{""id"":504257384,""profile_sidebar_fill_color"":""EFEFEF"",""profile_text_color"":""333333"",""followers_count"":335,""location"":""FACEBOOK"",""profile_background_color"":""131516"",""listed_count"":9,""utc_offset"":39600,""statuses_count"":14817,""friends_count"":296,""profile_link_color"":""009999"",""profile_image_url"":""https://pbs.twimg.com/profile_images/1876207802/Small_ACN_normal.jpg"",""profile_banner_url"":""https://pbs.twimg.com/profile_banners/504257384/1362999932"",""profile_background_image_url"":""http://abs.twimg.com/images/themes/theme14/bg.gif"",""screen_name"":""Aus_Crime_News"",""lang"":""en"",""profile_background_tile"":true,""favourites_count"":19,""name"":""AustralianCrimeNews"",""url"":""http://t.co/ag1MnbE3Uw"",""created_at"":""Sun Feb 26 09:27:14 +0000 2012"",""time_zone"":""Melbourne"",""protected"":false}",,429506012626702336,,"{""http://t.co/7OEdJQvhMi"":""http://vicpolicenews.com.au/news/2632-police-seek-witnesses-to-delahey-grass-fires.html?utm_source=twitterfeed&utm_medium=twitter""}",,,,,,,
32,en,False,False,It's so shallow as for evry crime police is being blamed in #capital by govnment!they mean police has to b present ther b4 crime take place.,Sat Feb 01 06:43:47 +0000 2014,False,http://www.twitter.com,,"{""id"":111331562,""profile_sidebar_fill_color"":""DDEEF6"",""profile_text_color"":""333333"",""followers_count"":29,""location"":""South Africa"",""profile_background_color"":""C0DEED"",""statuses_count"":956,""description"":""Thinker,writer,doctor. Emotional bt dnt try n make me fool.if it has to b this way let it b....."",""friends_count"":65,""profile_link_color"":""0084B4"",""profile_image_url"":""https://pbs.twimg.com/profile_images/419022545787305984/9b1kXOBd_normal.jpeg"",""geo_enabled"":true,""profile_banner_url"":""https://pbs.twimg.com/profile_banners/111331562/1381247374"",""profile_background_image_url"":""http://abs.twimg.com/images/themes/theme1/bg.png"",""name"":""M"",""lang"":""en"",""profile_background_tile"":false,""favourites_count"":38,""screen_name"":""Mmunshi01"",""created_at"":""Thu Feb 04 15:09:23 +0000 2010"",""time_zone"":""London"",""protected"":false}",,429505339621662720,,,,"[""capital""]",,,,,
33,en,False,False,Police swoop on kidnappers’ den in Onitsha - http://t.co/HeOoghHHKt http://t.co/AuQrW32iil,Sat Feb 01 06:43:22 +0000 2014,False,http://www.royaltimes.net,,"{""lang"":""en"",""profile_background_tile"":true,""statuses_count"":13615,""name"":""Royal Times Nigeria"",""friends_count"":1459,""url"":""http://t.co/BayNMc1rNo"",""profile_sidebar_fill_color"":""DDEEF6"",""created_at"":""Mon Sep 12 12:41:10 +0000 2011"",""profile_link_color"":""0084B4"",""time_zone"":""Amsterdam"",""profile_image_url"":""https://pbs.twimg.com/profile_images/1554285834/royaltimes_normal.png"",""screen_name"":""royaltimesng"",""profile_text_color"":""333333"",""followers_count"":740,""protected"":false,""utc_offset"":3600,""location"":""Ilorin, Kwara State, Nigeria"",""profile_background_color"":""C0DEED"",""id"":372252048,""profile_background_image_url"":""http://a0.twimg.com/profile_background_images/334339897/index_Layout_1_Page_01.jpg"",""listed_count"":2}",,429505236148174848,,"{""http://t.co/HeOoghHHKt"":""http://royaltimes.net/more/crime/police-swoop-on-kidnappers-den-in-onitsha/""}",,,,,,,
34,en,False,False,"RT @Gun_Shots: ""95% of the time police arrive too late to prevent a crime or arrest the suspect."" - US News and World Report, 17 June 1998",Sat Feb 01 06:43:11 +0000 2014,False,http://twitter.com/download/iphone,,"{""lang"":""en"",""profile_background_tile"":false,""favourites_count"":57,""name"":""J. McGuire"",""friends_count"":171,""profile_sidebar_fill_color"":""DDEEF6"",""created_at"":""Wed Oct 09 04:37:54 +0000 2013"",""profile_link_color"":""0084B4"",""profile_image_url"":""https://pbs.twimg.com/profile_images/378800000866669772/nTfJuSko_normal.jpeg"",""screen_name"":""JMcGuire6094"",""profile_text_color"":""333333"",""followers_count"":87,""protected"":false,""location"":""California"",""profile_background_color"":""C0DEED"",""statuses_count"":1801,""profile_banner_url"":""https://pbs.twimg.com/profile_banners/1948559838/1385445208"",""id"":1948559838,""profile_background_image_url"":""http://abs.twimg.com/images/themes/theme1/bg.png"",""listed_count"":2}",51,429505189544878081,,,"[{""screen_name"":""Gun_Shots"",""id"":368545981,""name"":""Gun Shots""}]",,"\""http://www.gun-shots.net/\""",,,,
35,en,False,False,"@BansheeTvShow The entire police department, the bartender, the gay tech all were in the showdown but only Carrie is charged with a crime?",Sat Feb 01 06:42:57 +0000 2014,False,web,,"{""id"":222349613,""profile_sidebar_fill_color"":""EFEFEF"",""profile_text_color"":""333333"",""followers_count"":160,""location"":""Cranston, RI"",""profile_background_color"":""131516"",""listed_count"":4,""utc_offset"":-18000,""statuses_count"":1156,""description"":""61yearold retiredUSAF disabled\r\nserviceconnectedveteran"",""friends_count"":359,""profile_link_color"":""1F9900"",""profile_image_url"":""https://pbs.twimg.com/profile_images/1183608699/Picture_5_normal.jpg"",""geo_enabled"":true,""profile_background_image_url"":""http://abs.twimg.com/images/themes/theme14/bg.gif"",""screen_name"":""Greatbear100"",""lang"":""en"",""profile_background_tile"":true,""favourites_count"":12,""name"":""SgtDavid A Tartaglia"",""url"":""http://t.co/YI0wx5TK2i"",""created_at"":""Fri Dec 03 04:32:32 +0000 2010"",""time_zone"":""Eastern Time (US & Canada)"",""protected"":false}",,429505128605818880,,,"[{""screen_name"":""BansheeTvShow"",""id"":998389195,""name"":""Banshee Tv Show""}]",,,BansheeTvShow,998389195,,
36,en,False,False,"Police union wants lock out zones expanded:
http://t.co/hu8zOehB7G",Sat Feb 01 06:42:54 +0000 2014,False,web,,"{""id"":504257384,""profile_sidebar_fill_color"":""EFEFEF"",""profile_text_color"":""333333"",""followers_count"":335,""location"":""FACEBOOK"",""profile_background_color"":""131516"",""listed_count"":9,""utc_offset"":39600,""statuses_count"":14817,""friends_count"":296,""profile_link_color"":""009999"",""profile_image_url"":""https://pbs.twimg.com/profile_images/1876207802/Small_ACN_normal.jpg"",""profile_banner_url"":""https://pbs.twimg.com/profile_banners/504257384/1362999932"",""profile_background_image_url"":""http://abs.twimg.com/images/themes/theme14/bg.gif"",""screen_name"":""Aus_Crime_News"",""lang"":""en"",""profile_background_tile"":true,""favourites_count"":19,""name"":""AustralianCrimeNews"",""url"":""http://t.co/ag1MnbE3Uw"",""created_at"":""Sun Feb 26 09:27:14 +0000 2012"",""time_zone"":""Melbourne"",""protected"":false}",,429505116433956864,,"{""http://t.co/hu8zOehB7G"":""http://www.heraldsun.com.au/news/breaking-news/police-union-wants-lock-out-zones-expanded/story-fni0xqi4-1226815509847?from=herald+sun_rss""}",,,,,,,
37,en,False,False,Alert issued in Petaluma after men posing as police enter woman's home:  http://t.co/Gq7RrjkwXs,Sat Feb 01 06:40:55 +0000 2014,False,http://twitterfeed.com,,"{""id"":1676640072,""profile_sidebar_fill_color"":""DDEEF6"",""profile_text_color"":""333333"",""followers_count"":849,""profile_background_color"":""C0DEED"",""listed_count"":5,""utc_offset"":-28800,""statuses_count"":13077,""description"":""#BayAreaBizNess / Everything In The #Bay & More! - bayareabizness@gmail.com for bizness"",""friends_count"":836,""profile_link_color"":""0084B4"",""profile_image_url"":""https://pbs.twimg.com/profile_images/378800000309679394/f306aab5357f22a04fe0758fc2b7fb17_normal.jpeg"",""profile_banner_url"":""https://pbs.twimg.com/profile_banners/1676640072/1376689247"",""profile_background_image_url"":""http://a0.twimg.com/profile_background_images/378800000053132329/3d441f658fad6c11b2b66db672ae1c2b.jpeg"",""screen_name"":""BayAreaBizness"",""lang"":""en"",""profile_background_tile"":true,""favourites_count"":28,""name"":""Bay Area "",""url"":""http://t.co/pmjn4837z7"",""created_at"":""Fri Aug 16 21:27:24 +0000 2013"",""time_zone"":""Pacific Time (US & Canada)"",""protected"":false}",,429504618939158528,,"{""http://t.co/Gq7RrjkwXs"":""http://bit.ly/1a9Nkic""}",,,,,,,
38,en,False,False,Bay Area journos on crime beat: there are 4 police cars &amp; yellow tape at sunny spot med. MJ shop on 17th right now. Don't know what's up.,Sat Feb 01 06:35:45 +0000 2014,False,http://twitter.com/download/iphone,,"{""id"":18014746,""verified"":true,""profile_sidebar_fill_color"":""C0DFEC"",""profile_text_color"":""333333"",""followers_count"":3632,""location"":""San Francisco, CA"",""profile_background_color"":""022330"",""listed_count"":246,""utc_offset"":-28800,""statuses_count"":1427,""description"":""Tech Policy Editor at Ars Technica\r\njoe dot mullin at http://t.co/FsqUGGVgBg"",""friends_count"":336,""profile_link_color"":""0084B4"",""profile_image_url"":""https://pbs.twimg.com/profile_images/2794134101/e23afebb47508ee7ac5653c2cbcb8008_normal.jpeg"",""geo_enabled"":true,""profile_background_image_url"":""http://abs.twimg.com/images/themes/theme15/bg.png"",""screen_name"":""joemullin"",""lang"":""en"",""profile_background_tile"":false,""favourites_count"":5,""name"":""Joe Mullin"",""url"":""http://t.co/Yp9LmjSe3p"",""created_at"":""Wed Dec 10 07:28:40 +0000 2008"",""time_zone"":""Pacific Time (US & Canada)"",""protected"":false}",,429503319321493504,,,,,,,,,
39,en,False,False,"RT @Darius_Suber95: Police are supposed to be fighting crime on the streets, not sitting in a hiding spot waiting to give someone a hoe ass…",Sat Feb 01 06:35:17 +0000 2014,False,https://twitter.com/download/android,,"{""lang"":""en"",""profile_background_tile"":false,""favourites_count"":10,""name"":""Steven Roark"",""friends_count"":48,""profile_sidebar_fill_color"":""DDEEF6"",""created_at"":""Tue Jan 28 03:18:25 +0000 2014"",""profile_link_color"":""0084B4"",""time_zone"":""Eastern Time (US & Canada)"",""profile_image_url"":""https://pbs.twimg.com/profile_images/428006384672595968/G9JuoFEL_normal.jpeg"",""profile_text_color"":""333333"",""followers_count"":14,""protected"":false,""utc_offset"":-18000,""profile_background_color"":""C0DEED"",""statuses_count"":14,""id"":2314766748,""profile_background_image_url"":""http://abs.twimg.com/images/themes/theme1/bg.png"",""screen_name"":""StevenRoark87""}",8,429503199959986177,,,"[{""screen_name"":""Darius_Suber95"",""id"":341113673,""name"":""Darius™""}]",,"\""http://twitter.com/download/iphone\""",,,,
40,en,False,False,"Peel #Police - Male Arrested on Attempt Murder Warrant http://t.co/tDQE83bFXX
 #crime",Sat Feb 01 06:32:41 +0000 2014,False,http://winthecustomer.com/,,"{""lang"":""en"",""profile_background_tile"":false,""statuses_count"":226,""description"":""- News - Police Reports - Business - Education - Health - Technology  - Travel"",""friends_count"":247,""url"":""http://t.co/upb2xBRinD"",""profile_sidebar_fill_color"":""DDEEF6"",""created_at"":""Tue Jan 21 00:37:33 +0000 2014"",""profile_link_color"":""0084B4"",""profile_image_url"":""https://pbs.twimg.com/profile_images/425458332292243456/dKz-bLj7_normal.jpeg"",""screen_name"":""OntNewsToday"",""profile_text_color"":""333333"",""followers_count"":28,""protected"":false,""location"":""Ontario"",""profile_background_color"":""C0DEED"",""id"":2302233864,""profile_background_image_url"":""http://abs.twimg.com/images/themes/theme1/bg.png"",""name"":""Ontario News Today""}",,429502545145237504,,"{""http://t.co/tDQE83bFXX"":""http://bit.ly/1eFgqSy""}",,"[""Police"",""crime""]",,,,,
41,en,False,False,Belmar named St. Louis County police chief http://t.co/MXbeCRaJ5K,Sat Feb 01 06:32:15 +0000 2014,False,http://twitterfeed.com,,"{""id"":6039302,""verified"":true,""profile_sidebar_fill_color"":""FFFFFF"",""profile_text_color"":""000000"",""followers_count"":44258,""location"":""St. Louis, Mo."",""profile_background_color"":""990000"",""listed_count"":1451,""utc_offset"":-18000,""statuses_count"":63527,""description"":""St. Louis news, sports, business, features, blogs, photos and video -- from the St. Louis Post-Dispatch. Got a question? Want to talk? Follow @Weatherbird"",""friends_count"":132,""profile_link_color"":""990000"",""profile_image_url"":""https://pbs.twimg.com/profile_images/1134743869/stltoday_logo_normal.jpg"",""profile_background_image_url"":""http://a0.twimg.com/profile_background_images/120432356/twitter-stltodayMain.jpg"",""screen_name"":""stltoday"",""lang"":""en"",""profile_background_tile"":false,""favourites_count"":1,""name"":""STLtoday"",""url"":""http://t.co/LeMb9sn93f"",""created_at"":""Mon May 14 17:51:34 +0000 2007"",""time_zone"":""Eastern Time (US & Canada)"",""protected"":false}",,429502437460680704,,"{""http://t.co/MXbeCRaJ5K"":""http://bit.ly/LwR8Pv""}",,,,,,,
42,en,False,False,RT @geophyraj: Is Mr @ArvindKejriwal going to blame Delhi Police for every crime in the city? Then what was Shiela Dikshit's fault?,Sat Feb 01 06:31:40 +0000 2014,False,http://twitter.com/download/android,,"{""id"":89399510,""profile_sidebar_fill_color"":""95E8EC"",""profile_text_color"":""3C3940"",""followers_count"":78,""location"":""Hell"",""profile_background_color"":""0099B9"",""listed_count"":2,""utc_offset"":19800,""statuses_count"":2429,""friends_count"":34,""profile_link_color"":""0099B9"",""profile_image_url"":""https://pbs.twimg.com/profile_images/526527367/smokeworksbymehmetozgurj_normal.jpg"",""geo_enabled"":true,""profile_banner_url"":""https://pbs.twimg.com/profile_banners/89399510/1357422125"",""profile_background_image_url"":""http://abs.twimg.com/images/themes/theme4/bg.gif"",""screen_name"":""arpitupadhayay"",""lang"":""en"",""profile_background_tile"":false,""favourites_count"":12,""name"":""Arpit Upadhayay"",""created_at"":""Thu Nov 12 07:53:22 +0000 2009"",""time_zone"":""Mumbai"",""protected"":false}",23,429502289481449472,,,"[{""screen_name"":""geophyraj"",""id"":76918079,""name"":""Fat Rocket Scientist""},{""screen_name"":""ArvindKejriwal"",""id"":405427035,""name"":""Arvind Kejriwal""}]",,"\""http://twitter.com/download/android\""",,,,
43,en,False,False,"""Men posing as police: Petaluma home invasion.""

Uh, I'm not letting any cop in w/out a badge number confirmed.

http://t.co/90vu7IBTx1",Sat Feb 01 06:31:20 +0000 2014,False,http://twitter.com/download/iphone,,"{""id"":424124066,""profile_sidebar_fill_color"":""DDEEF6"",""profile_text_color"":""333333"",""followers_count"":1608,""location"":""• Afghanistan, CA •"",""profile_background_color"":""131516"",""listed_count"":59,""utc_offset"":-28800,""statuses_count"":64604,""description"":""• #blockaflockaflame http://t.co/DQ9LKMOf9B •"",""friends_count"":2001,""profile_link_color"":""009999"",""profile_image_url"":""https://pbs.twimg.com/profile_images/426303620389146624/P-aCuZh6_normal.jpeg"",""profile_banner_url"":""https://pbs.twimg.com/profile_banners/424124066/1390474871"",""profile_background_image_url"":""http://a0.twimg.com/profile_background_images/378800000008739161/3891a6d8446c128ba3d63e691e8b0a7d.jpeg"",""screen_name"":""chiweethedog"",""lang"":""en"",""profile_background_tile"":false,""favourites_count"":29852,""name"":""#NBAGenius™"",""created_at"":""Tue Nov 29 10:38:27 +0000 2011"",""time_zone"":""Pacific Time (US & Canada)"",""protected"":false}",,429502207763836929,,"{""http://t.co/90vu7IBTx1"":""http://m.ktvu.com/news/news/crime-law/alert-issued-petaluma-after-men-posing-police-ente/nc89y/?utm_source=dlvr.it&utm_medium=twitter""}",,,,,,,
44,en,False,False,"#NidoTaniam paid for breaking the glass, why were the shopkeepers not made to pay for their crime of beating him.#Delhi police must answer",Sat Feb 01 06:31:00 +0000 2014,False,web,,"{""id"":45625704,""profile_sidebar_fill_color"":""D4D4D4"",""profile_text_color"":""000000"",""followers_count"":570,""location"":""Capital, India"",""profile_background_color"":""59A2C6"",""listed_count"":14,""utc_offset"":19800,""statuses_count"":5906,""description"":""Camera+ Photography+ News Addict, Nonsense a BIG turn off, Laugh at jokes I understand, 24/7 daughter...Enough said :)  Hey! thanks for connecting."",""friends_count"":125,""profile_link_color"":""59A2C6"",""profile_image_url"":""https://pbs.twimg.com/profile_images/378800000801546431/490d5d3f1a6f9b17517149245e5e208a_normal.jpeg"",""geo_enabled"":true,""profile_banner_url"":""https://pbs.twimg.com/profile_banners/45625704/1366366973"",""profile_background_image_url"":""http://a0.twimg.com/profile_background_images/887040327/512f87a0bdfdd125320eb713638e276f.jpeg"",""screen_name"":""urmilachauhan"",""lang"":""en"",""profile_background_tile"":true,""favourites_count"":18,""name"":""Urmila Chauhan"",""url"":""https://t.co/PkQoVPgV8t"",""created_at"":""Mon Jun 08 17:59:58 +0000 2009"",""time_zone"":""New Delhi"",""protected"":false}",,429502122015481856,,,,"[""NidoTaniam"",""Delhi""]",,,,,
45,en,False,False,The Times Picayune - Police investigating shooting in Pontchartrain Park http://t.co/iVehmyxnys,Sat Feb 01 06:29:25 +0000 2014,False,http://www.hootsuite.com,,"{""lang"":""es"",""profile_background_tile"":false,""statuses_count"":16884,""description"":""News from the State of Louisiana, USA"",""friends_count"":1,""profile_sidebar_fill_color"":""DDEEF6"",""created_at"":""Tue Jul 23 02:05:40 +0000 2013"",""profile_link_color"":""0084B4"",""profile_image_url"":""https://pbs.twimg.com/profile_images/378800000173700000/936b043980162b6708faa9ab1056f1e8_normal.jpeg"",""name"":""Louisiana News"",""profile_text_color"":""333333"",""followers_count"":57,""protected"":false,""screen_name"":""newslouisiana"",""profile_background_color"":""C0DEED"",""id"":1614147859,""profile_background_image_url"":""http://abs.twimg.com/images/themes/theme1/bg.png"",""listed_count"":1}",,429501723934461952,,"{""http://t.co/iVehmyxnys"":""http://ow.ly/2DrL0G""}",,,,,,,
46,en,False,False,"#NidoTaniam paid for breaking the glass, why were the shopkeepers not made to pay for their crime of beating him.#Delhi police must answer",Sat Feb 01 06:29:18 +0000 2014,False,http://blackberry.com/twitter,,"{""lang"":""en"",""profile_background_tile"":false,""favourites_count"":39,""description"":""Baiter, writer, commentator, jurno. Apolitical - not aligned to any ideology or party. OG runs in my veins."",""friends_count"":143,""profile_sidebar_fill_color"":""DDEEF6"",""created_at"":""Thu Apr 09 08:03:31 +0000 2009"",""profile_link_color"":""0084B4"",""time_zone"":""Pacific Time (US & Canada)"",""profile_image_url"":""https://pbs.twimg.com/profile_images/378800000081832992/3181786ccd08e6a707fcb814f1df08aa_normal.jpeg"",""name"":""Kewrious"",""profile_text_color"":""333333"",""followers_count"":183,""protected"":false,""screen_name"":""Kewrious"",""profile_background_color"":""C0DEED"",""statuses_count"":22453,""utc_offset"":-28800,""id"":29945291,""profile_background_image_url"":""http://abs.twimg.com/images/themes/theme1/bg.png"",""listed_count"":8}",,429501695442186240,,,,"[""NidoTaniam"",""Delhi""]",,,,,
47,en,False,False,RT @blackmagicgal1: So AAP will continue to cry foul at Delhi police whenever a crime is reported rather than take responsibility like a go…,Sat Feb 01 06:28:49 +0000 2014,False,http://twitter.com/download/android,,"{""id"":67864658,""profile_sidebar_fill_color"":""EADEAA"",""profile_text_color"":""333333"",""followers_count"":72,""location"":""Chennai, India"",""profile_background_color"":""8B542B"",""listed_count"":1,""statuses_count"":555,""description"":""a creative man is motivated by the desire to achieve, not by the desire to beat others"",""friends_count"":283,""profile_link_color"":""9D582E"",""profile_image_url"":""https://pbs.twimg.com/profile_images/429227568886063104/z2aqDEHO_normal.jpeg"",""geo_enabled"":true,""profile_banner_url"":""https://pbs.twimg.com/profile_banners/67864658/1368409614"",""profile_background_image_url"":""http://abs.twimg.com/images/themes/theme8/bg.gif"",""screen_name"":""rajbharat"",""lang"":""en"",""profile_background_tile"":true,""favourites_count"":250,""name"":""Raj Bharat"",""created_at"":""Sat Aug 22 10:44:43 +0000 2009"",""protected"":false}",7,429501574805585920,,,"[{""screen_name"":""blackmagicgal1"",""id"":318201824,""name"":""Sue""}]",,"{""lang"":""en"",""favorited"":false,""truncated"":false,""text"":""So AAP will continue to cry foul at Delhi police whenever a crime is reported rather than take responsibility like a govt should."",""created_at"":""Fri Jan 31 16:47:31 +0000 2014"",""retweeted"":false,""source"":""web"",""user"":{""id"":318201824,""profile_sidebar_fill_color"":""EAE8F0"",""profile_text_color"":""EBC42A"",""followers_count"":3748,""location"":""Planet Earth or up in the air "",""profile_background_color"":""0D0F0E"",""listed_count"":90,""utc_offset"":14400,""statuses_count"":59369,""description"":""I am a leaf in the wind, watch how I soar. The black magic lies in my eyes, read my tweets for more!"",""friends_count"":137,""profile_link_color"":""1B00B3"",""profile_image_url"":""https://pbs.twimg.com/profile_images/425949923486355456/knJaq8FK_normal.jpeg"",""profile_banner_url"":""https://pbs.twimg.com/profile_banners/318201824/1389304438"",""profile_background_image_url"":""http://a0.twimg.com/profile_background_images/378800000121260163/78be652bc2442b44c92560948a1e901d.jpeg"",""screen_name"":""blackmagicgal1"",""lang"":""en"",""profile_background_tile"":false,""favourites_count"":28240,""name"":""Sue"",""created_at"":""Thu Jun 16 03:38:35 +0000 2011"",""time_zone"":""Abu Dhabi"",""protected"":false},""retweet_count"":7,""id"":429294884885762048,""favorite_count"":5}",,,,
48,en,False,False,#Justice U.S. Marshals Task Force and Toledo Police Arrest Final Suspect in Murder Case: Tole... http://t.co/c5u4Mw7Feq #crime #HiTechCJ,Sat Feb 01 06:28:37 +0000 2014,False,http://twitterfeed.com,,"{""id"":129360573,""profile_sidebar_fill_color"":""D8D9E6"",""profile_text_color"":""0A0000"",""followers_count"":22044,""location"":""San Dimas, CA"",""profile_background_color"":""FFFFFF"",""listed_count"":639,""utc_offset"":-32400,""statuses_count"":44793,""description"":""Broadcasting the stories of Military, Police and Fire service personnel."",""friends_count"":23515,""profile_link_color"":""1414DB"",""profile_image_url"":""https://pbs.twimg.com/profile_images/1143713042/twittericon_normal.PNG"",""geo_enabled"":true,""profile_background_image_url"":""http://a0.twimg.com/profile_background_images/161055906/americanheroesradio__2_.png"",""screen_name"":""AmerHeroesRadio"",""lang"":""en"",""profile_background_tile"":false,""name"":""American Hero Radio"",""url"":""http://t.co/41Ag4s8opZ"",""created_at"":""Sun Apr 04 01:59:08 +0000 2010"",""time_zone"":""Alaska"",""protected"":false}",,429501521940598784,,"{""http://t.co/c5u4Mw7Feq"":""http://bit.ly/1i1Bh65""}",,"[""Justice"",""crime"",""HiTechCJ""]",,,,,
49,en,False,False,Alert issued in Petaluma after men posing as police enter woman's home http://t.co/lVcwrHXthc #bayarea,Sat Feb 01 06:27:37 +0000 2014,False,http://dlvr.it,,"{""id"":79129156,""profile_sidebar_fill_color"":""EB4741"",""profile_text_color"":""333333"",""followers_count"":6441,""location"":""San Francisco, California"",""profile_background_color"":""C0DEED"",""listed_count"":274,""utc_offset"":-28800,""statuses_count"":113023,""description"":""San Francisco News Now • 425 Market Street • San Francisco • California • 94105 • #SFnews • #thecity • #bayarea • #goldengate • #sanfrancisco • #SF"",""friends_count"":400,""profile_link_color"":""273ED1"",""profile_image_url"":""https://pbs.twimg.com/profile_images/1880353516/sf-golden-gate-bridge_normal.gif"",""profile_banner_url"":""https://pbs.twimg.com/profile_banners/79129156/1348101257"",""profile_background_image_url"":""http://a0.twimg.com/profile_background_images/443644012/san_francisco.jpg"",""screen_name"":""SFnewsnow"",""lang"":""en"",""profile_background_tile"":true,""favourites_count"":28,""name"":""San Francisco News"",""created_at"":""Fri Oct 02 08:16:01 +0000 2009"",""time_zone"":""Pacific Time (US & Canada)"",""protected"":false}",,429501272786354176,,"{""http://t.co/lVcwrHXthc"":""http://dlvr.it/4qX2Jl""}",,"[""bayarea""]",,,,,
50,en,False,False,Watching crime and investigation and one of the police audio analysis investigators is wearing a pair of beats audio headphones.,Sat Feb 01 06:27:14 +0000 2014,False,http://twitterrific.com,,"{""id"":94595289,""profile_sidebar_fill_color"":""BFE4FC"",""profile_text_color"":""DE2E77"",""followers_count"":1870,""location"":""/dev/null"",""profile_background_color"":""FFFFFF"",""listed_count"":36,""utc_offset"":39600,""statuses_count"":18055,""description"":""Female, sometimes cutesy, sometimes grouchy, with generally inaccessible tastes and interests and silly thoughts and tweets about internet, tech, and geekery."",""friends_count"":84,""profile_link_color"":""4493D4"",""profile_image_url"":""https://pbs.twimg.com/profile_images/424800869603749888/bvRH7Wi__normal.png"",""profile_banner_url"":""https://pbs.twimg.com/profile_banners/94595289/1353256313"",""profile_background_image_url"":""http://a0.twimg.com/profile_background_images/670482227/8fa91ce871065f7afcc7eb3e63b6f515.jpeg"",""screen_name"":""Secretss_"",""lang"":""en"",""profile_background_tile"":true,""favourites_count"":203,""name"":""lexi.aoling"",""url"":""http://t.co/gdBQq0Q1R1"",""created_at"":""Fri Dec 04 16:55:40 +0000 2009"",""time_zone"":""Sydney"",""protected"":false}",,429501173670739968,,,,,,,,,
51,en,False,False,Alert issued in Petaluma after men posing as police enter woman's home: Petaluma police issued a prowler alert... http://t.co/2iQRugpWfn,Sat Feb 01 06:25:11 +0000 2014,False,http://dlvr.it,,"{""id"":112805577,""profile_sidebar_fill_color"":""DDEEF6"",""profile_text_color"":""333333"",""followers_count"":1015,""location"":""Burlingame, CA"",""profile_background_color"":""C0DEED"",""listed_count"":56,""utc_offset"":-28800,""statuses_count"":44116,""description"":""Curating the best media feeds in Burlingame. A city in http://t.co/t8yGjG9ifg, a community service media network supporting civic causes and local arts"",""friends_count"":600,""profile_link_color"":""0084B4"",""profile_image_url"":""https://pbs.twimg.com/profile_images/709188659/Screen_shot_2010-02-21_at_1.07.38_AM_normal.png"",""profile_background_image_url"":""http://a0.twimg.com/profile_background_images/77179054/Burlingame_caltrain_station.jpg"",""screen_name"":""burlingame_news"",""lang"":""en"",""profile_background_tile"":false,""favourites_count"":1,""name"":""Burlingame News"",""url"":""http://t.co/NO7xthrszA"",""created_at"":""Tue Feb 09 19:29:50 +0000 2010"",""time_zone"":""Pacific Time (US & Canada)"",""protected"":false}",,429500659553931264,,"{""http://t.co/2iQRugpWfn"":""http://dlvr.it/4qX1Jv""}",,,,,,,
52,en,False,False,via @NOLAnews Police investigating shooting in Pontchartrain Park http://t.co/ikLjlj9V6V,Sat Feb 01 06:25:03 +0000 2014,False,http://www.hootsuite.com,,"{""id"":1244540058,""profile_sidebar_fill_color"":""DDEEF6"",""profile_text_color"":""333333"",""followers_count"":44,""location"":""New Orleans, LA"",""profile_background_color"":""C94A27"",""listed_count"":1,""statuses_count"":509,""description"":""Harmon, Smith & Vourvoulias LLC is a New Orleans, LA law firm focusing on defending the rights of those accused of DUI/DWI. Se habla español."",""friends_count"":232,""profile_link_color"":""0084B4"",""profile_image_url"":""https://pbs.twimg.com/profile_images/378800000548345805/e59acb107722172b01362759eae24293_normal.png"",""geo_enabled"":true,""profile_banner_url"":""https://pbs.twimg.com/profile_banners/1244540058/1380912224"",""profile_background_image_url"":""http://a0.twimg.com/profile_background_images/378800000088002977/b52dc3be01ede4e0c22af85eea116bb7.png"",""screen_name"":""HSVLaw"",""lang"":""en"",""profile_background_tile"":false,""favourites_count"":38,""name"":""George Vourvoulias"",""url"":""http://t.co/pEFgbamPNL"",""created_at"":""Tue Mar 05 20:24:59 +0000 2013"",""protected"":false}",,429500626821996544,,"{""http://t.co/ikLjlj9V6V"":""http://ow.ly/2DrMuH""}","[{""screen_name"":""NOLAnews"",""id"":14192680,""name"":""NOLA.com""}]",,,,,,
53,en,False,False,Police Chief James Craig: More guns could equal less crime in Detroit http://t.co/CACeNrG6Kt,Sat Feb 01 06:23:34 +0000 2014,False,web,,"{""id"":488785712,""profile_sidebar_fill_color"":""590156"",""profile_text_color"":""210116"",""followers_count"":1077,""location"":""Somewhere in SE Michigan"",""profile_background_color"":""1F001E"",""listed_count"":20,""utc_offset"":-18000,""statuses_count"":13312,""description"":""I'm not a fussbudget anymore. Now, I'm just plain ornery."",""friends_count"":1117,""profile_link_color"":""D175B1"",""profile_image_url"":""https://pbs.twimg.com/profile_images/429087188744015872/vrund9ez_normal.png"",""profile_banner_url"":""https://pbs.twimg.com/profile_banners/488785712/1389508418"",""profile_background_image_url"":""http://a0.twimg.com/profile_background_images/378800000178633011/DqZxdr2l.png"",""screen_name"":""noblockheads"",""lang"":""en"",""profile_background_tile"":true,""favourites_count"":511,""name"":""Sarah aka Aunt Sugar"",""created_at"":""Fri Feb 10 20:58:30 +0000 2012"",""time_zone"":""Eastern Time (US & Canada)"",""protected"":false}",,429500250303111168,,"{""http://t.co/CACeNrG6Kt"":""http://tinyurl.com/k9gqhtn""}",,,,,,True,
54,en,False,False,Again port st lucie!i know there's crime everywhere but they just stupid here http://t.co/qdSW6gWSA4,Sat Feb 01 06:22:28 +0000 2014,False,http://www.facebook.com/twitter,,"{""lang"":""en"",""profile_background_tile"":false,""statuses_count"":1330,""description"":""COMING SOON --\r\nhttp://t.co/LjDFuni8OK-\r\nsports supplements , apparel and accesories"",""friends_count"":27,""profile_sidebar_fill_color"":""C0DFEC"",""created_at"":""Thu Sep 20 01:17:55 +0000 2012"",""profile_link_color"":""0084B4"",""time_zone"":""Eastern Time (US & Canada)"",""profile_image_url"":""https://pbs.twimg.com/profile_images/2628659856/aba954b2a584cb4a13cecf83fa29908c_normal.jpeg"",""screen_name"":""BodBuildChem"",""profile_text_color"":""333333"",""followers_count"":9,""protected"":false,""utc_offset"":-18000,""location"":""Florida"",""profile_background_color"":""022330"",""id"":834484286,""profile_background_image_url"":""http://abs.twimg.com/images/themes/theme15/bg.png"",""name"":""BodyBuildingChemstry""}",,429499974507061248,,"{""http://t.co/qdSW6gWSA4"":""http://fb.me/3mwL0pkHY""}",,,,,,True,
55,en,False,False,Crime reports offered online http://t.co/gW087y5ELT,Sat Feb 01 06:22:24 +0000 2014,False,http://www.socialoomph.com,,"{""id"":24939922,""profile_sidebar_fill_color"":""DDFFCC"",""profile_text_color"":""333333"",""followers_count"":3469,""location"":""Toledo, OH"",""profile_background_color"":""9AE4E8"",""listed_count"":7,""utc_offset"":-18000,""statuses_count"":46808,""description"":""The Blade - http://t.co/BJbuhKYgwk top news source for OH & MI the last 175 years"",""friends_count"":3425,""profile_link_color"":""0084B4"",""profile_image_url"":""https://pbs.twimg.com/profile_images/1082123111/PhotoShop-iPhone-Icon_normal.jpg"",""profile_background_image_url"":""http://a0.twimg.com/profile_background_images/25030795/blade_twitter_background2a.jpg"",""screen_name"":""ohminews"",""lang"":""en"",""profile_background_tile"":false,""name"":""ohminews"",""url"":""http://t.co/BJbuhKYgwk"",""created_at"":""Tue Mar 17 19:44:11 +0000 2009"",""time_zone"":""Eastern Time (US & Canada)"",""protected"":false}",,429499957083897856,,"{""http://t.co/gW087y5ELT"":""http://tol.bz/1bKHOOj""}",,,,,,,
56,en,False,False,Crime reports offered online http://t.co/tmzdPaJaWi,Sat Feb 01 06:22:17 +0000 2014,False,http://www.socialoomph.com,,"{""id"":24219183,""profile_sidebar_fill_color"":""DDFFCC"",""profile_text_color"":""333333"",""followers_count"":3823,""location"":""Toledo, OH"",""profile_background_color"":""9AE4E8"",""listed_count"":13,""utc_offset"":-18000,""statuses_count"":56783,""description"":""The Toledo Blade newspaper... http://t.co/zu6vNUIn3v 175 years - The top news source for Western Lake Erie"",""friends_count"":3734,""profile_link_color"":""0084B4"",""profile_image_url"":""https://pbs.twimg.com/profile_images/1082121596/PhotoShop-iPhone-Icon_normal.jpg"",""profile_background_image_url"":""http://a0.twimg.com/profile_background_images/9449542/blade_twitter_background2a.jpg"",""screen_name"":""westerie"",""lang"":""en"",""profile_background_tile"":false,""name"":""Western Lake Erie"",""url"":""http://t.co/zu6vNUIn3v"",""created_at"":""Fri Mar 13 18:14:32 +0000 2009"",""time_zone"":""Eastern Time (US & Canada)"",""protected"":false}",,429499927874789376,,"{""http://t.co/tmzdPaJaWi"":""http://tol.bz/1bKHOOj""}",,,,,,,
57,en,False,False,"Safeguarding: Investigation into 'why Lincolnshire police marked one third of all reported rapes as 'no crime'':
http://t.co/MvMGf8Ehzv",Sat Feb 01 06:22:08 +0000 2014,False,web,,"{""lang"":""en-gb"",""profile_background_tile"":false,""favourites_count"":1138,""description"":""Director of Information - Association for Safeguarding:  http://t.co/2CkgYlLv0C              & Director of Information for FLUID CSF Research"",""friends_count"":169,""profile_sidebar_fill_color"":""DDEEF6"",""created_at"":""Mon Sep 30 10:36:23 +0000 2013"",""profile_link_color"":""0084B4"",""profile_image_url"":""https://pbs.twimg.com/profile_images/378800000528785837/e9a1d3ed998080eaa2df2cced3297b96_normal.jpeg"",""screen_name"":""davidbexhill"",""profile_text_color"":""333333"",""followers_count"":285,""protected"":false,""profile_background_color"":""C0DEED"",""statuses_count"":8936,""id"":1919644292,""profile_background_image_url"":""http://abs.twimg.com/images/themes/theme1/bg.png"",""name"":""David E P Dennis""}",,429499891593658368,1,"{""http://t.co/MvMGf8Ehzv"":""http://www.bbc.co.uk/news/uk-england-lincolnshire-25979285""}",,,,,,,
58,en,False,False,Alert issued in Petaluma after men posing as police enter woman's home: Petaluma police issued a prowler alert... http://t.co/Gq7RrjkwXs,Sat Feb 01 06:20:51 +0000 2014,False,http://twitterfeed.com,,"{""id"":1676640072,""profile_sidebar_fill_color"":""DDEEF6"",""profile_text_color"":""333333"",""followers_count"":849,""profile_background_color"":""C0DEED"",""listed_count"":5,""utc_offset"":-28800,""statuses_count"":13077,""description"":""#BayAreaBizNess / Everything In The #Bay & More! - bayareabizness@gmail.com for bizness"",""friends_count"":836,""profile_link_color"":""0084B4"",""profile_image_url"":""https://pbs.twimg.com/profile_images/378800000309679394/f306aab5357f22a04fe0758fc2b7fb17_normal.jpeg"",""profile_banner_url"":""https://pbs.twimg.com/profile_banners/1676640072/1376689247"",""profile_background_image_url"":""http://a0.twimg.com/profile_background_images/378800000053132329/3d441f658fad6c11b2b66db672ae1c2b.jpeg"",""screen_name"":""BayAreaBizness"",""lang"":""en"",""profile_background_tile"":true,""favourites_count"":28,""name"":""Bay Area "",""url"":""http://t.co/pmjn4837z7"",""created_at"":""Fri Aug 16 21:27:24 +0000 2013"",""time_zone"":""Pacific Time (US & Canada)"",""protected"":false}",,429499566778351616,,"{""http://t.co/Gq7RrjkwXs"":""http://bit.ly/1a9Nkic""}",,,,,,,
59,en,False,False,RT @Sissy2814: Some ppl are unfit to deserve such loyal companion. This is a crime if you see this call police. http://t.co/IDcRLIDO5L WHO …,Sat Feb 01 06:20:30 +0000 2014,False,http://janetter.net/,,"{""id"":17206974,""profile_sidebar_fill_color"":""252429"",""profile_text_color"":""666666"",""followers_count"":236,""location"":""Sacramento, CA."",""profile_background_color"":""1A1B1F"",""listed_count"":8,""utc_offset"":-32400,""statuses_count"":7772,""description"":""HEY! Ogre Talkin here!! Irate Liberal, cigar smoking, Hebrew, Rabid,Crazy, Viking Ogre down this path! Still on the look out for my self hugging jacket w/straps"",""friends_count"":324,""profile_link_color"":""2FC2EF"",""profile_image_url"":""https://pbs.twimg.com/profile_images/63737642/Toadie_Ogre_normal.gif"",""geo_enabled"":true,""profile_banner_url"":""https://pbs.twimg.com/profile_banners/17206974/1348562993"",""profile_background_image_url"":""http://a0.twimg.com/profile_background_images/149757769/Laughing_Man.jpg"",""screen_name"":""ToadiedeOgre"",""lang"":""en"",""profile_background_tile"":false,""favourites_count"":25,""name"":""ToadiedeOgre"",""url"":""https://t.co/jngrMpZV9D"",""created_at"":""Thu Nov 06 06:30:01 +0000 2008"",""time_zone"":""Alaska"",""protected"":false}",8,429499480954531841,,,"[{""screen_name"":""Sissy2814"",""id"":252924667,""name"":""Max""}]",,"{""lang"":""en"",""favorited"":false,""truncated"":false,""text"":""Some ppl are unfit to deserve such loyal companion. This is a crime if you see this call police. http://t.co/IDcRLIDO5L WHO DOES THIS?"",""created_at"":""Fri Jan 31 00:54:15 +0000 2014"",""retweeted"":false,""source"":""web"",""possibly_sensitive"":true,""retweet_count"":8,""id"":429054988950581248,""favorite_count"":2,""user"":{""id"":252924667,""profile_sidebar_fill_color"":""7AC3EE"",""profile_text_color"":""3D1957"",""followers_count"":3608,""location"":""California"",""profile_background_color"":""642D8B"",""listed_count"":56,""utc_offset"":-28800,""statuses_count"":62832,""description"":""Let me not pray to be sheltered from dangers\r\nbut to be fearless in facing them. I will always fight 4 animals 2 love and protect. I promise u that."",""friends_count"":3723,""profile_link_color"":""FF0000"",""profile_image_url"":""https://pbs.twimg.com/profile_images/2158537105/100MEDIA_IMAG1191_normal.jpg"",""profile_banner_url"":""https://pbs.twimg.com/profile_banners/252924667/1388286347"",""profile_background_image_url"":""http://abs.twimg.com/images/themes/theme10/bg.gif"",""screen_name"":""Sissy2814"",""lang"":""en"",""profile_background_tile"":true,""favourites_count"":8558,""name"":""Max"",""created_at"":""Wed Feb 16 05:42:19 +0000 2011"",""time_zone"":""Pacific Time (US & Canada)"",""protected"":false}}",,,,
60,en,False,False,RT @Sissy2814: Some ppl are unfit to deserve such loyal companion. This is a crime if you see this call police. http://t.co/IDcRLIDO5L WHO …,Sat Feb 01 06:18:36 +0000 2014,False,web,,"{""id"":70298833,""profile_sidebar_fill_color"":""DDEEF6"",""profile_text_color"":""333333"",""followers_count"":1381,""profile_background_color"":""C0DEED"",""listed_count"":42,""utc_offset"":-14400,""statuses_count"":33515,""description"":""Political and social activist on the side of We the People. Humor is a wonderful thing. #Obama2012 Disabled Veteran My RTs ARE endorsements!"",""friends_count"":2002,""profile_link_color"":""0084B4"",""profile_image_url"":""https://pbs.twimg.com/profile_images/3318380773/7880c98956f803d885c56d9f7803eb68_normal.png"",""profile_banner_url"":""https://pbs.twimg.com/profile_banners/70298833/1353494667"",""profile_background_image_url"":""http://a0.twimg.com/profile_background_images/115802054/crazy_sm.jpg"",""screen_name"":""LOCO_NUTT"",""lang"":""en"",""profile_background_tile"":true,""favourites_count"":855,""name"":""Loco_NUTT"",""created_at"":""Mon Aug 31 03:43:55 +0000 2009"",""time_zone"":""Atlantic Time (Canada)"",""protected"":false}",8,429499000081760256,,,"[{""screen_name"":""Sissy2814"",""id"":252924667,""name"":""Max""}]",,"{""lang"":""en"",""favorited"":false,""truncated"":false,""text"":""Some ppl are unfit to deserve such loyal companion. This is a crime if you see this call police. http://t.co/IDcRLIDO5L WHO DOES THIS?"",""created_at"":""Fri Jan 31 00:54:15 +0000 2014"",""retweeted"":false,""source"":""web"",""possibly_sensitive"":true,""retweet_count"":8,""id"":429054988950581248,""favorite_count"":2,""user"":{""id"":252924667,""profile_sidebar_fill_color"":""7AC3EE"",""profile_text_color"":""3D1957"",""followers_count"":3608,""location"":""California"",""profile_background_color"":""642D8B"",""listed_count"":56,""utc_offset"":-28800,""statuses_count"":62832,""description"":""Let me not pray to be sheltered from dangers\r\nbut to be fearless in facing them. I will always fight 4 animals 2 love and protect. I promise u that."",""friends_count"":3723,""profile_link_color"":""FF0000"",""profile_image_url"":""https://pbs.twimg.com/profile_images/2158537105/100MEDIA_IMAG1191_normal.jpg"",""profile_banner_url"":""https://pbs.twimg.com/profile_banners/252924667/1388286347"",""profile_background_image_url"":""http://abs.twimg.com/images/themes/theme10/bg.gif"",""screen_name"":""Sissy2814"",""lang"":""en"",""profile_background_tile"":true,""favourites_count"":8558,""name"":""Max"",""created_at"":""Wed Feb 16 05:42:19 +0000 2011"",""time_zone"":""Pacific Time (US & Canada)"",""protected"":false}}",,,,
61,in,False,False,Suburban Crime Log: 2-01 http://t.co/bCWfqPZo0W,Sat Feb 01 06:16:14 +0000 2014,False,http://www.socialoomph.com,,"{""id"":24219183,""profile_sidebar_fill_color"":""DDFFCC"",""profile_text_color"":""333333"",""followers_count"":3823,""location"":""Toledo, OH"",""profile_background_color"":""9AE4E8"",""listed_count"":13,""utc_offset"":-18000,""statuses_count"":56783,""description"":""The Toledo Blade newspaper... http://t.co/zu6vNUIn3v 175 years - The top news source for Western Lake Erie"",""friends_count"":3734,""profile_link_color"":""0084B4"",""profile_image_url"":""https://pbs.twimg.com/profile_images/1082121596/PhotoShop-iPhone-Icon_normal.jpg"",""profile_background_image_url"":""http://a0.twimg.com/profile_background_images/9449542/blade_twitter_background2a.jpg"",""screen_name"":""westerie"",""lang"":""en"",""profile_background_tile"":false,""name"":""Western Lake Erie"",""url"":""http://t.co/zu6vNUIn3v"",""created_at"":""Fri Mar 13 18:14:32 +0000 2009"",""time_zone"":""Eastern Time (US & Canada)"",""protected"":false}",,429498405837369344,,"{""http://t.co/bCWfqPZo0W"":""http://tol.bz/1gzD5GZ""}",,,,,,,
62,in,False,False,Suburban Crime Log: 2-01 http://t.co/rf5vK5sh5X,Sat Feb 01 06:16:12 +0000 2014,False,http://www.socialoomph.com,,"{""id"":22795270,""profile_sidebar_fill_color"":""DDFFCC"",""profile_text_color"":""333333"",""followers_count"":22127,""location"":""Toledo, OH"",""profile_background_color"":""9AE4E8"",""listed_count"":490,""utc_offset"":-18000,""statuses_count"":86811,""description"":""More than 175 years as Toledo, OH based top news source in NW OH & SE MI - http://t.co/bT6vcud5cS: http://t.co/lE7smOlYZb - curated by Amy, Nabil, Hasan & Phil."",""friends_count"":17619,""profile_link_color"":""0084B4"",""profile_image_url"":""https://pbs.twimg.com/profile_images/1082120332/PhotoShop-iPhone-Icon_normal.jpg"",""geo_enabled"":true,""profile_banner_url"":""https://pbs.twimg.com/profile_banners/22795270/1360275351"",""profile_background_image_url"":""http://a0.twimg.com/profile_background_images/6538648/blade_twitter_background2a.jpg"",""screen_name"":""toledonews"",""lang"":""en"",""profile_background_tile"":false,""favourites_count"":14,""name"":""The Toledo Blade"",""url"":""http://t.co/ZVaeAoURQ2"",""created_at"":""Wed Mar 04 16:29:50 +0000 2009"",""time_zone"":""Eastern Time (US & Canada)"",""protected"":false}",,429498397167734784,,"{""http://t.co/rf5vK5sh5X"":""http://tol.bz/1gzD5GZ""}",,,,,,,
63,en,False,False,UPDATED: Big data: police given access to British army's crime-fighting software http://t.co/XkU8xSx6vV,Sat Feb 01 06:14:25 +0000 2014,False,http://aiwnews.com,,"{""lang"":""el"",""profile_background_tile"":true,""statuses_count"":4222,""description"":""Art-ificial World News"",""friends_count"":333,""profile_sidebar_fill_color"":""DDEEF6"",""created_at"":""Thu Jul 11 08:20:26 +0000 2013"",""profile_link_color"":""333333"",""profile_image_url"":""https://pbs.twimg.com/profile_images/378800000118133240/d7095091b13d716d67f6b642fb3ef3fa_normal.jpeg"",""name"":""AiwNews"",""profile_text_color"":""0084B4"",""followers_count"":32,""protected"":false,""screen_name"":""AiwNews"",""profile_background_color"":""C0DEED"",""id"":1585238262,""profile_background_image_url"":""http://a0.twimg.com/profile_background_images/378800000032976897/23947b1ce179e3f54b74ad01efb4745f.png"",""listed_count"":1}",,429497948267765760,1,"{""http://t.co/XkU8xSx6vV"":""http://aiwnews.com/?p=451""}",,,,,,,
64,en,False,False,RT @DemandAction: #NRAadvice: Don’t cooperate with police if your gun shows up at a crime scene: http://t.co/c96U10ed1l,Sat Feb 01 06:14:18 +0000 2014,False,web,,"{""lang"":""en"",""profile_background_tile"":false,""favourites_count"":1670,""description"":""Vote for what is good for USA and NOT for what is good for party.\r\n\r\nFree Film: http://t.co/JPX42gjO"",""friends_count"":2246,""profile_sidebar_fill_color"":""C0DFEC"",""created_at"":""Sun Aug 19 06:19:46 +0000 2012"",""profile_link_color"":""0084B4"",""time_zone"":""Atlantic Time (Canada)"",""profile_image_url"":""https://pbs.twimg.com/profile_images/2520171229/jzjpe1aww82y97s6f1i3_normal.gif"",""name"":""Have a GREEN YEAR!"",""profile_text_color"":""333333"",""followers_count"":2486,""protected"":false,""screen_name"":""upayr"",""profile_background_color"":""022330"",""statuses_count"":110000,""utc_offset"":-14400,""id"":767036004,""profile_background_image_url"":""http://abs.twimg.com/images/themes/theme15/bg.png"",""listed_count"":66}",18,429497921277415426,,"{""http://t.co/c96U10ed1l"":""http://maig.us/1bdFqCK""}","[{""screen_name"":""DemandAction"",""id"":250386727,""name"":""Demand Action""}]","[""NRAadvice""]","\""http://bufferapp.com\""",,,,
65,en,False,False,"Arunachal student death: Delhi Police files murder case, magisterial probe ordered - Zee News http://t.co/nJewusvPbX",Sat Feb 01 06:11:02 +0000 2014,False,http://twitterfeed.com,,"{""id"":635735026,""profile_sidebar_fill_color"":""DDEEF6"",""profile_text_color"":""333333"",""followers_count"":13,""profile_background_color"":""C0DEED"",""listed_count"":1,""utc_offset"":19800,""statuses_count"":2560,""description"":""#Crime in 'Human Society' and thought to #harm others must cease to #exist. Crime & corruption news updates from India & abroad. Be Aware, be #Safe."",""friends_count"":13,""profile_link_color"":""0084B4"",""profile_image_url"":""https://pbs.twimg.com/profile_images/2398374796/mhlyafyp3ntr6tmmxllr_normal.jpeg"",""profile_banner_url"":""https://pbs.twimg.com/profile_banners/635735026/1376880766"",""profile_background_image_url"":""http://abs.twimg.com/images/themes/theme1/bg.png"",""screen_name"":""CrimeWatchIndia"",""lang"":""en"",""profile_background_tile"":false,""favourites_count"":10,""name"":""Crime Watch India"",""url"":""http://t.co/SOBho1el7g"",""created_at"":""Sat Jul 14 23:24:05 +0000 2012"",""time_zone"":""New Delhi"",""protected"":false}",,429497098531115008,,"{""http://t.co/nJewusvPbX"":""http://bit.ly/1iWS3qI""}",,,,,,,
66,en,False,False,"What if instead of police dogs, there were giant man-sized police spiders.

There would never be crime.",Sat Feb 01 06:10:17 +0000 2014,False,https://about.twitter.com/products/tweetdeck,,"{""id"":595196840,""profile_sidebar_fill_color"":""EFEFEF"",""profile_text_color"":""333333"",""followers_count"":254,""location"":""California"",""profile_background_color"":""131516"",""listed_count"":3,""utc_offset"":-28800,""statuses_count"":14225,""description"":""Fan of gaming, anime, and other kinds of media. In a nutshell: NEEEEERD."",""friends_count"":199,""profile_link_color"":""009999"",""profile_image_url"":""https://pbs.twimg.com/profile_images/428389604501110784/e0Ym860t_normal.png"",""geo_enabled"":true,""profile_banner_url"":""https://pbs.twimg.com/profile_banners/595196840/1390858230"",""profile_background_image_url"":""http://abs.twimg.com/images/themes/theme14/bg.gif"",""screen_name"":""kaleb_195"",""lang"":""en"",""profile_background_tile"":true,""favourites_count"":5023,""name"":""Kaleb"",""url"":""http://t.co/cxanl1SHHq"",""created_at"":""Thu May 31 05:24:06 +0000 2012"",""time_zone"":""Pacific Time (US & Canada)"",""protected"":false}",,429496907191181312,1,,,,,,,,
67,en,False,False,RT @NOLAnews: Police investigating shooting in Pontchartrain Park http://t.co/JFassdU7iv,Sat Feb 01 06:07:42 +0000 2014,False,http://twitter.com/download/iphone,,"{""id"":327502234,""profile_sidebar_fill_color"":""DDEEF6"",""profile_text_color"":""333333"",""followers_count"":309,""profile_background_color"":""C0DEED"",""utc_offset"":-28800,""statuses_count"":6632,""description"":""#RestMySon 9/26/13 2/13/13CT #FreeWill7⃣#RestCordy7⃣ #BxF #ØTF9⃣9⃣9⃣9⃣9⃣9⃣ #GrindHard\n       #MMA2⃣0⃣"",""friends_count"":371,""profile_link_color"":""0084B4"",""profile_image_url"":""https://pbs.twimg.com/profile_images/427566266766082048/-2Gmu--r_normal.jpeg"",""geo_enabled"":true,""profile_banner_url"":""https://pbs.twimg.com/profile_banners/327502234/1386644146"",""profile_background_image_url"":""http://a0.twimg.com/profile_background_images/550493119/meek.jpg"",""name"":""BxF Ace"",""lang"":""en"",""profile_background_tile"":true,""favourites_count"":459,""screen_name"":""AceXSavage"",""created_at"":""Fri Jul 01 17:34:51 +0000 2011"",""time_zone"":""Pacific Time (US & Canada)"",""protected"":false}",2,429496260790206467,,"{""http://t.co/JFassdU7iv"":""http://bit.ly/MHR0h2""}","[{""screen_name"":""NOLAnews"",""id"":14192680,""name"":""NOLA.com""}]",,"\""http://dlvr.it\""",,,,
68,en,False,False,RT @NOLAnews: Police investigating shooting in Pontchartrain Park http://t.co/JFassdU7iv,Sat Feb 01 06:07:09 +0000 2014,False,http://www.tweetcaster.com,,"{""id"":174681471,""profile_sidebar_fill_color"":""DDEEF6"",""profile_text_color"":""333333"",""followers_count"":316,""location"":""HollyGrove-New Orleans"",""profile_background_color"":""C0DEED"",""listed_count"":1,""utc_offset"":-25200,""statuses_count"":41603,""description"":""You already know what it is"",""friends_count"":549,""profile_link_color"":""0084B4"",""profile_image_url"":""https://pbs.twimg.com/profile_images/412591164320006146/YfTEGeZ3_normal.jpeg"",""profile_banner_url"":""https://pbs.twimg.com/profile_banners/174681471/1376672734"",""profile_background_image_url"":""http://a0.twimg.com/profile_background_images/257833865/strawberries.jpg"",""screen_name"":""UptMoneyMike"",""lang"":""en"",""profile_background_tile"":true,""favourites_count"":106,""name"":""HollyGrove Pharaoh "",""created_at"":""Wed Aug 04 15:06:21 +0000 2010"",""time_zone"":""Mountain Time (US & Canada)"",""protected"":false}",2,429496119207272448,,"{""http://t.co/JFassdU7iv"":""http://bit.ly/MHR0h2""}","[{""screen_name"":""NOLAnews"",""id"":14192680,""name"":""NOLA.com""}]",,"\""http://dlvr.it\""",,,,
69,en,False,False,Police investigating shooting in Pontchartrain Park http://t.co/JFassdU7iv,Sat Feb 01 06:06:04 +0000 2014,False,http://dlvr.it,,"{""id"":14192680,""verified"":true,""profile_sidebar_fill_color"":""FFCC99"",""profile_text_color"":""000000"",""followers_count"":63699,""location"":""New Orleans, LA"",""profile_background_color"":""FFFFFF"",""listed_count"":2095,""utc_offset"":-21600,""statuses_count"":131011,""description"":""Latest news and updates from http://t.co/bEcwlBYNEf | Times-Picayune"",""friends_count"":1434,""profile_link_color"":""37449C"",""profile_image_url"":""https://pbs.twimg.com/profile_images/2652867543/545ffaf5e92d8f38202d3b80bd4052cc_normal.png"",""profile_banner_url"":""https://pbs.twimg.com/profile_banners/14192680/1359061974"",""profile_background_image_url"":""http://a0.twimg.com/profile_background_images/670174048/0767e12000af75cc7e1b80ea02c37195.png"",""screen_name"":""NOLAnews"",""lang"":""en"",""profile_background_tile"":false,""favourites_count"":1,""name"":""NOLA.com"",""url"":""http://t.co/TsISCddQqJ"",""created_at"":""Fri Mar 21 18:03:18 +0000 2008"",""time_zone"":""Central Time (US & Canada)"",""protected"":false}",2,429495848548847616,1,"{""http://t.co/JFassdU7iv"":""http://bit.ly/MHR0h2""}",,,,,,,
70,en,False,False,"Tip helps Clarksville police foil school shooting, CPD says http://t.co/69W4Bkxaf4",Sat Feb 01 06:03:28 +0000 2014,False,http://www.facebook.com/twitter,,"{""id"":122575134,""profile_sidebar_fill_color"":""EFEFEF"",""profile_text_color"":""333333"",""followers_count"":1719,""location"":""Hopkinsville, Ky."",""profile_background_color"":""131516"",""listed_count"":29,""utc_offset"":-21600,""statuses_count"":2892,""description"":""The Kentucky New Era is the first choice for reliable news and information in the Pennyrile region."",""friends_count"":314,""profile_link_color"":""009999"",""profile_image_url"":""https://pbs.twimg.com/profile_images/749657085/untitled_normal.jpg"",""geo_enabled"":true,""profile_banner_url"":""https://pbs.twimg.com/profile_banners/122575134/1364227717"",""profile_background_image_url"":""http://abs.twimg.com/images/themes/theme14/bg.gif"",""screen_name"":""KentuckyNewEra"",""lang"":""en"",""profile_background_tile"":true,""favourites_count"":7,""name"":""Kentucky New Era"",""url"":""http://t.co/cOS5it8D82"",""created_at"":""Sat Mar 13 05:06:00 +0000 2010"",""time_zone"":""Central Time (US & Canada)"",""protected"":false}",,429495195319951361,,"{""http://t.co/69W4Bkxaf4"":""http://fb.me/6qtOmxYXU""}",,,,,,,
71,en,False,False,Simi Valley sees second-safest year on record: Police said Friday that Simi Valley's crime rate fell to 14.8... http://t.co/QZbDdUzHT5,Sat Feb 01 06:03:23 +0000 2014,False,http://dlvr.it,,"{""lang"":""en"",""profile_background_tile"":false,""statuses_count"":15964,""description"":""Curating the best media feeds in Ventura. A city in http://t.co/iEysEItqol, a community service media network supporting civic causes and local arts"",""friends_count"":232,""url"":""http://t.co/hulocYncAc"",""profile_sidebar_fill_color"":""DDEEF6"",""created_at"":""Fri Aug 31 05:12:06 +0000 2012"",""profile_link_color"":""0084B4"",""profile_image_url"":""https://pbs.twimg.com/profile_images/2598948483/v3ffthssnd2wcr3kajtl_normal.jpeg"",""name"":""Ventura Journal"",""profile_text_color"":""333333"",""followers_count"":517,""protected"":false,""screen_name"":""venturajournal"",""location"":""Ventura, CA"",""profile_background_color"":""C0DEED"",""id"":793127917,""profile_background_image_url"":""http://a0.twimg.com/profile_background_images/656562688/f9fd5ruuphu4hhp2ds25.jpeg"",""listed_count"":9}",,429495172859060224,,"{""http://t.co/QZbDdUzHT5"":""http://dlvr.it/4qWq84""}",,,,,,,
72,en,False,False,Police investigating shooting in Pontchartrain Park: Man shot in Gentilly neighborhood Saturday (Jan. 31) night. http://t.co/k55h9KWFdZ,Sat Feb 01 06:00:01 +0000 2014,False,http://twitterfeed.com,,"{""id"":1417004570,""profile_sidebar_fill_color"":""F6FFD1"",""profile_text_color"":""333333"",""followers_count"":890,""location"":""United States of America"",""profile_background_color"":""000005"",""listed_count"":13,""utc_offset"":-21600,""statuses_count"":47558,""description"":""Carnival 2014 | Fat Tuesday:  March 4th, 2014\n| #SeriousPickle |  #WAR  |\n3 Parts #RSS - 1 Part @BeEtLjOoZ - Mix to desired consistency. Season to taste."",""friends_count"":2002,""profile_link_color"":""250382"",""profile_image_url"":""https://pbs.twimg.com/profile_images/419841537908809729/dk7qqJV3_normal.png"",""profile_banner_url"":""https://pbs.twimg.com/profile_banners/1417004570/1390038821"",""profile_background_image_url"":""http://a0.twimg.com/profile_background_images/378800000170227625/5W2Y2DHO.png"",""screen_name"":""Louisiana_World"",""lang"":""en"",""profile_background_tile"":false,""favourites_count"":4410,""name"":""Louisiana World #LWN"",""url"":""http://t.co/cOb2FxHXxL"",""created_at"":""Fri May 10 02:45:49 +0000 2013"",""time_zone"":""Central Time (US & Canada)"",""protected"":false}",,429494325622222848,,"{""http://t.co/k55h9KWFdZ"":""http://bit.ly/1a9JZzE""}",,,,,,,
73,en,False,False,RT @awkwardposts: Imagine if Police had giant police spiders instead of police dogs. There would be no crime.,Sat Feb 01 05:57:43 +0000 2014,False,http://twitter.com/download/android,,"{""lang"":""en"",""profile_background_tile"":false,""favourites_count"":20,""description"":""Don't cry because it's over, smile because it happened"",""friends_count"":10,""profile_sidebar_fill_color"":""DDEEF6"",""created_at"":""Wed Dec 19 15:31:48 +0000 2012"",""profile_link_color"":""0084B4"",""profile_image_url"":""https://pbs.twimg.com/profile_images/2995139342/a150fd5e21213b0f2bae0ec831240a6f_normal.jpeg"",""screen_name"":""JanieBeth325"",""profile_text_color"":""333333"",""followers_count"":4,""protected"":false,""profile_background_color"":""C0DEED"",""statuses_count"":221,""profile_banner_url"":""https://pbs.twimg.com/profile_banners/1022294112/1380499595"",""id"":1022294112,""profile_background_image_url"":""http://abs.twimg.com/images/themes/theme1/bg.png"",""name"":""Janie Peveto Johnson""}",458,429493745243799552,,,"[{""screen_name"":""awkwardposts"",""id"":390860562,""name"":""Awkward Posts""}]",,"\""http://bufferapp.com\""",,,,
74,en,False,False,"Behind teen’s heroin overdose death, a troubling trend http://t.co/cxb8uv4giR",Sat Feb 01 05:57:38 +0000 2014,False,http://www.apple.com,,"{""id"":252492159,""profile_sidebar_fill_color"":""252429"",""profile_text_color"":""666666"",""followers_count"":51,""profile_background_color"":""1A1B1F"",""listed_count"":2,""utc_offset"":-10800,""statuses_count"":401,""description"":""Мъжът, който знае всичко и никога не умира."",""friends_count"":83,""profile_link_color"":""2FC2EF"",""profile_image_url"":""https://pbs.twimg.com/profile_images/427472115819085824/148GSULn_normal.jpeg"",""geo_enabled"":true,""profile_banner_url"":""https://pbs.twimg.com/profile_banners/252492159/1390752267"",""profile_background_image_url"":""http://abs.twimg.com/images/themes/theme9/bg.gif"",""screen_name"":""sofiqnec"",""lang"":""en"",""profile_background_tile"":false,""favourites_count"":260,""name"":""*"",""created_at"":""Tue Feb 15 09:17:27 +0000 2011"",""time_zone"":""Greenland"",""protected"":false}",,429493724763389953,,"{""http://t.co/cxb8uv4giR"":""http://wapo.st/1cFq1w1""}",,,,,,,
75,en,False,False,Police searching for victims in alleged child porn bust http://t.co/bFxRozE3FW,Sat Feb 01 05:57:29 +0000 2014,False,http://www.facebook.com/twitter,,"{""id"":122575134,""profile_sidebar_fill_color"":""EFEFEF"",""profile_text_color"":""333333"",""followers_count"":1719,""location"":""Hopkinsville, Ky."",""profile_background_color"":""131516"",""listed_count"":29,""utc_offset"":-21600,""statuses_count"":2892,""description"":""The Kentucky New Era is the first choice for reliable news and information in the Pennyrile region."",""friends_count"":314,""profile_link_color"":""009999"",""profile_image_url"":""https://pbs.twimg.com/profile_images/749657085/untitled_normal.jpg"",""geo_enabled"":true,""profile_banner_url"":""https://pbs.twimg.com/profile_banners/122575134/1364227717"",""profile_background_image_url"":""http://abs.twimg.com/images/themes/theme14/bg.gif"",""screen_name"":""KentuckyNewEra"",""lang"":""en"",""profile_background_tile"":true,""favourites_count"":7,""name"":""Kentucky New Era"",""url"":""http://t.co/cOS5it8D82"",""created_at"":""Sat Mar 13 05:06:00 +0000 2010"",""time_zone"":""Central Time (US & Canada)"",""protected"":false}",,429493689216679936,1,"{""http://t.co/bFxRozE3FW"":""http://fb.me/1Wl5Z5KOE""}",,,,,,,
76,en,False,False,Police investigating shooting in Pontchartrain Park http://t.co/BzP5fIOhAo,Sat Feb 01 05:54:51 +0000 2014,False,http://twitterfeed.com,,"{""id"":1138025762,""profile_sidebar_fill_color"":""DDEEF6"",""profile_text_color"":""333333"",""followers_count"":64,""location"":""New Orleans, Louisiana"",""profile_background_color"":""FFFFFF"",""utc_offset"":-21600,""statuses_count"":3375,""description"":""Crime news and updates from http://t.co/RXZF2es0e8 | The Times-Picayune"",""friends_count"":1,""profile_link_color"":""37449C"",""profile_image_url"":""https://pbs.twimg.com/profile_images/344513261574621267/0e5409879cc47eb5300fa60a5166dda9_normal.png"",""profile_banner_url"":""https://pbs.twimg.com/profile_banners/1138025762/1371156120"",""profile_background_image_url"":""http://a0.twimg.com/profile_background_images/344918034408704318/415558b4cf289f4f21b0275bf86d248b.png"",""name"":""NOLA.com Crime News"",""lang"":""en"",""profile_background_tile"":false,""screen_name"":""crimenola"",""url"":""http://t.co/dJjdjasvtg"",""created_at"":""Thu Jan 31 21:57:51 +0000 2013"",""time_zone"":""Central Time (US & Canada)"",""protected"":false}",,429493026323300352,,"{""http://t.co/BzP5fIOhAo"":""http://bit.ly/1a9JZzE""}",,,,,,,
77,en,False,False,"Police: Drugs, definitions behind crime rise: The number of serious crimes reported to Springfield police... http://t.co/CagUK9Pc4q",Sat Feb 01 05:53:06 +0000 2014,False,http://dlvr.it,,"{""lang"":""en"",""profile_background_tile"":false,""statuses_count"":3621,""description"":""Curating the best media feeds in Springfield. A city in http://t.co/tCVzu6DkpA , a community service media network supporting the public good"",""friends_count"":128,""profile_sidebar_fill_color"":""DDEEF6"",""created_at"":""Mon Sep 30 19:36:40 +0000 2013"",""profile_link_color"":""0084B4"",""profile_image_url"":""https://pbs.twimg.com/profile_images/378800000531326329/ccc7c555f5198402a3ce58243f859058_normal.jpeg"",""screen_name"":""springfldnews"",""profile_text_color"":""333333"",""followers_count"":61,""protected"":false,""location"":""Springfield, MO"",""profile_background_color"":""C0DEED"",""id"":1921117837,""profile_background_image_url"":""http://a0.twimg.com/profile_background_images/378800000085697976/51c60247cc2a98c2ed161e3ba5cbe486.jpeg"",""name"":""Springfield MO News""}",,429492585606807552,,"{""http://t.co/CagUK9Pc4q"":""http://dlvr.it/4qWl9v""}",,,,,,,
78,en,False,False,"News-Leader: Police: Drugs, definitions behind crime rise http://t.co/F9w3NAuM2K",Sat Feb 01 05:53:04 +0000 2014,False,http://dlvr.it,,"{""id"":17808958,""profile_sidebar_fill_color"":""DDEEF6"",""profile_text_color"":""333333"",""followers_count"":3213,""location"":""Springfield, MO"",""profile_background_color"":""C0DEED"",""listed_count"":124,""utc_offset"":-21600,""statuses_count"":87112,""description"":""Rounding up news about the Ozarks in one simple feed. Put together by Jonathan Groves (@grovesprof), journ prof at Drury University."",""friends_count"":508,""profile_link_color"":""0084B4"",""profile_image_url"":""https://pbs.twimg.com/profile_images/1093770980/TwitterAviLight_normal.gif"",""profile_background_image_url"":""http://abs.twimg.com/images/themes/theme1/bg.png"",""screen_name"":""sgfnews"",""lang"":""en"",""profile_background_tile"":false,""favourites_count"":4,""name"":""SGF News"",""url"":""http://t.co/Et2LuWH4yN"",""created_at"":""Tue Dec 02 15:03:05 +0000 2008"",""time_zone"":""Central Time (US & Canada)"",""protected"":false}",,429492578195472384,,"{""http://t.co/F9w3NAuM2K"":""http://dlvr.it/4qWl6m""}",,,,,,,
79,en,False,False,"RT @SinghRPN: .@AngellicAribam Yes,hv spoken to Delhi police for full and speedy probe,it is the most dastardly crime.shames all of us as I…",Sat Feb 01 05:52:48 +0000 2014,False,http://twitter.com/download/android,,"{""lang"":""en"",""profile_background_tile"":true,""favourites_count"":756,""name"":""LOL"",""friends_count"":202,""profile_sidebar_fill_color"":""DDEEF6"",""created_at"":""Mon Dec 07 20:04:55 +0000 2009"",""profile_link_color"":""333333"",""time_zone"":""Chennai"",""profile_image_url"":""https://pbs.twimg.com/profile_images/419983345011798016/oNTCvMlG_normal.jpeg"",""profile_text_color"":""0084B4"",""followers_count"":27,""protected"":false,""utc_offset"":19800,""profile_background_color"":""C0DEED"",""statuses_count"":768,""id"":95267669,""profile_background_image_url"":""http://a0.twimg.com/profile_background_images/378800000164554389/m34d9JVM.jpeg"",""screen_name"":""lol8u""}",8,429492510801420288,,,"[{""screen_name"":""SinghRPN"",""id"":1119384594,""name"":""RPN Singh""},{""screen_name"":""AngellicAribam"",""id"":1032352716,""name"":""Angellica Aribam""}]",,"\""http://twitter.com/download/iphone\""",,,,
80,en,False,False,West Yorkshire’s police commissioner announces two per cent council tax hike: WEST Yorkshire’s police and crime... http://t.co/05x0dIeq57,Sat Feb 01 05:51:37 +0000 2014,False,http://dlvr.it,,"{""lang"":""en"",""profile_background_tile"":false,""statuses_count"":19289,""description"":""Curating the best media feeds in Leeds. A city in http://t.co/x4eKFWtsSI, a community service media network supporting civic causes and local arts"",""friends_count"":211,""url"":""http://t.co/optVc3mTBG"",""profile_sidebar_fill_color"":""DDEEF6"",""created_at"":""Mon Nov 14 07:02:45 +0000 2011"",""profile_link_color"":""0084B4"",""profile_image_url"":""https://pbs.twimg.com/profile_images/3410021814/32acbf00e48ec14f8bd064b019c6cb23_normal.jpeg"",""name"":""Leeds News"",""profile_text_color"":""333333"",""followers_count"":1526,""protected"":false,""screen_name"":""LeedsDailyNews"",""location"":""Leeds, UK"",""profile_background_color"":""C0DEED"",""id"":412069568,""profile_background_image_url"":""http://a0.twimg.com/profile_background_images/367813756/Leeds-city-center.jpg"",""listed_count"":28}",,429492212674478080,,"{""http://t.co/05x0dIeq57"":""http://dlvr.it/4qWkt8""}",,,,,,,
81,en,False,False,"""San Francisco police don’t keep crime stats as well as #Oakland"" http://t.co/IcDYOF9VgI",Sat Feb 01 05:50:33 +0000 2014,False,web,,"{""id"":14345858,""profile_sidebar_fill_color"":""E0FF92"",""profile_text_color"":""000000"",""followers_count"":271,""location"":""Seoul / Oakland"",""profile_background_color"":""9BB6E9"",""listed_count"":6,""utc_offset"":-28800,""statuses_count"":1647,""description"":""American by birth, Korean by association, Oaklander by the grace of God. Linguist, anthropologist, investigator, photographer. Product of OUSD & Yonsei U."",""friends_count"":1307,""profile_link_color"":""0000FF"",""profile_image_url"":""https://pbs.twimg.com/profile_images/52611584/oranckay_normal.gif"",""profile_background_image_url"":""http://a0.twimg.com/profile_background_images/378800000078321855/1932060d59f62f7e5ca2f29d040addc0.jpeg"",""screen_name"":""oranckay"",""lang"":""en"",""profile_background_tile"":true,""favourites_count"":6362,""name"":""Peter Schroepfer 서반석"",""created_at"":""Wed Apr 09 21:34:28 +0000 2008"",""time_zone"":""Pacific Time (US & Canada)"",""protected"":false}",,429491944268374016,,"{""http://t.co/IcDYOF9VgI"":""http://blog.sfgate.com/stew/2014/01/31/jean-quan-downtown-oakland-just-as-safe-as-downtown-sf/""}",,"[""Oakland""]",,,,,
82,en,False,False,"RT @girlweena: Just heard a police detective say ""interwishin'"" instead of ""intuition"" and am now considering a life of crime.",Sat Feb 01 05:48:25 +0000 2014,False,http://twitter.com/download/iphone,,"{""id"":225197603,""profile_sidebar_fill_color"":""DDEEF6"",""profile_text_color"":""333333"",""followers_count"":113,""location"":""Mountains of Madness"",""profile_background_color"":""C0DEED"",""listed_count"":9,""utc_offset"":-25200,""statuses_count"":1630,""description"":""The Dark Tweets"",""friends_count"":39,""profile_link_color"":""0084B4"",""profile_image_url"":""https://pbs.twimg.com/profile_images/1519598018/image_normal.jpg"",""profile_banner_url"":""https://pbs.twimg.com/profile_banners/225197603/1384072277"",""profile_background_image_url"":""http://a0.twimg.com/profile_background_images/322389934/BaEG-wp-thumb.jpg"",""screen_name"":""CthulhuWillRise"",""lang"":""en"",""profile_background_tile"":true,""favourites_count"":10583,""name"":""Acolyte"",""created_at"":""Fri Dec 10 23:34:48 +0000 2010"",""time_zone"":""Mountain Time (US & Canada)"",""protected"":false}",2,429491406961250305,,,"[{""screen_name"":""girlweena"",""id"":53421412,""name"":""Wendina M. Ubaghs""}]",,"{""lang"":""en"",""favorited"":false,""truncated"":false,""text"":""Just heard a police detective say \""interwishin'\"" instead of \""intuition\"" and am now considering a life of crime."",""created_at"":""Sat Feb 01 05:05:59 +0000 2014"",""retweeted"":false,""source"":""web"",""user"":{""id"":53421412,""profile_sidebar_fill_color"":""8DADBE"",""profile_text_color"":""364B73"",""followers_count"":3729,""profile_background_color"":""B81C00"",""listed_count"":542,""utc_offset"":-28800,""statuses_count"":5867,""description"":""Afraid to ask, but did anyone else lose a guinea pig, recently?"",""friends_count"":2150,""profile_link_color"":""686319"",""profile_image_url"":""https://pbs.twimg.com/profile_images/427297246627901441/wFU-KvdM_normal.jpeg"",""geo_enabled"":true,""profile_banner_url"":""https://pbs.twimg.com/profile_banners/53421412/1390709942"",""profile_background_image_url"":""http://a0.twimg.com/profile_background_images/134948263/Obvious-Romance-1.jpg"",""screen_name"":""girlweena"",""lang"":""en"",""profile_background_tile"":false,""favourites_count"":62325,""name"":""Wendina M. Ubaghs"",""url"":""https://t.co/2IXdq5Bmw8"",""created_at"":""Fri Jul 03 15:59:36 +0000 2009"",""time_zone"":""Pacific Time (US & Canada)"",""protected"":false},""retweet_count"":2,""id"":429480725859950592,""favorite_count"":5}",,,,
83,en,False,False,"@stephgrain My response won't change from ""no comment."" If u have knowledge of a crime report to http://t.co/o0J6860Dun local police twitter",Sat Feb 01 05:46:18 +0000 2014,False,web,,"{""id"":2209694461,""profile_sidebar_fill_color"":""DDEEF6"",""profile_text_color"":""333333"",""followers_count"":167,""location"":""@GoodGirlBackUp"",""profile_background_color"":""C0DEED"",""utc_offset"":-21600,""statuses_count"":700,""description"":""Sister 2 @Da_True_BD & @AnonChimp. Love 2 share people's stupid posts. Fun-loving. Happy monster. Totally stupid. Totally Serious. Not Anon."",""friends_count"":429,""profile_link_color"":""0084B4"",""profile_image_url"":""https://pbs.twimg.com/profile_images/425388574247104512/rrZZlHy1_normal.jpeg"",""profile_banner_url"":""https://pbs.twimg.com/profile_banners/2209694461/1390255635"",""profile_background_image_url"":""http://a0.twimg.com/profile_background_images/378800000171726596/00zNT6pE.jpeg"",""name"":""The Good Girl"",""lang"":""en"",""profile_background_tile"":true,""favourites_count"":923,""screen_name"":""TheGoodGirlHere"",""created_at"":""Fri Nov 22 23:44:22 +0000 2013"",""time_zone"":""Central Time (US & Canada)"",""protected"":false}",,429490875685556224,,"{""http://t.co/o0J6860Dun"":""http://ic3.gov""}","[{""screen_name"":""stephgrain"",""id"":519130071,""name"":""stepHAnie""}]",,,stephgrain,519130071,True,429490132886892544
84,en,False,False,McLean High School student’s heroin overdose shows disturbing trend facing police http://t.co/tqZiCJ0ReA,Sat Feb 01 05:41:33 +0000 2014,False,http://dlvr.it,,"{""lang"":""id"",""profile_background_tile"":false,""statuses_count"":111094,""name"":""-"",""friends_count"":1,""profile_sidebar_fill_color"":""DDEEF6"",""created_at"":""Tue Jun 25 04:38:26 +0000 2013"",""profile_link_color"":""0084B4"",""profile_image_url"":""https://pbs.twimg.com/profile_images/425223701810786304/x3KBQrni_normal.jpeg"",""profile_text_color"":""333333"",""followers_count"":56,""protected"":false,""profile_background_color"":""C0DEED"",""profile_banner_url"":""https://pbs.twimg.com/profile_banners/1544805674/1390216203"",""id"":1544805674,""profile_background_image_url"":""http://abs.twimg.com/images/themes/theme1/bg.png"",""screen_name"":""krs21da""}",,429489676513054720,,"{""http://t.co/tqZiCJ0ReA"":""http://dlvr.it/4qWfTx""}",,,,,,,
85,en,False,False,McLean High School student’s heroin overdose shows disturbing trend facing police http://t.co/IcOKW2gOiz,Sat Feb 01 05:41:26 +0000 2014,False,http://dlvr.it,,"{""lang"":""en"",""profile_background_tile"":false,""statuses_count"":51424,""name"":""-"",""profile_sidebar_fill_color"":""DDEEF6"",""created_at"":""Fri Jul 19 14:47:49 +0000 2013"",""profile_link_color"":""AD6751"",""profile_image_url"":""https://pbs.twimg.com/profile_images/427043503873331200/oDoEb3ar_normal.jpeg"",""profile_text_color"":""333333"",""followers_count"":59,""protected"":false,""profile_background_color"":""EBEBEB"",""id"":1606064910,""profile_background_image_url"":""http://abs.twimg.com/images/themes/theme7/bg.gif"",""screen_name"":""KangenGaa""}",,429489649082314752,,"{""http://t.co/IcOKW2gOiz"":""http://dlvr.it/4qWfTd""}",,,,,,,
86,en,False,False,McLean High School student’s heroin overdose shows disturbing trend facing police http://t.co/V8DiQnF9aG,Sat Feb 01 05:41:23 +0000 2014,False,http://dlvr.it,,"{""id"":555114117,""profile_sidebar_fill_color"":""EFEFEF"",""profile_text_color"":""333333"",""followers_count"":1325,""profile_background_color"":""131516"",""utc_offset"":28800,""statuses_count"":12975,""description"":""Senanymous | FVS27 | XA3 | Lisztomania | Dupstep Addict"",""friends_count"":168,""profile_link_color"":""009999"",""profile_image_url"":""https://pbs.twimg.com/profile_images/422733442925993984/yvlTjs4v_normal.jpeg"",""geo_enabled"":true,""profile_banner_url"":""https://pbs.twimg.com/profile_banners/555114117/1385025154"",""profile_background_image_url"":""http://a0.twimg.com/profile_background_images/721944515/dee6843e2ad31deaba9b5623e31ae9a6.jpeg"",""name"":""Avissena"",""lang"":""id"",""profile_background_tile"":true,""favourites_count"":3,""screen_name"":""Senanymous404"",""url"":""http://t.co/UXoAQvm7la"",""created_at"":""Mon Apr 16 10:49:49 +0000 2012"",""time_zone"":""Beijing"",""protected"":false}",,429489638408220672,,"{""http://t.co/V8DiQnF9aG"":""http://dlvr.it/4qWfS2""}",,,,,,,
87,en,False,False,McLean High School student’s heroin overdose shows disturbing trend facing police http://t.co/aCmS22XMt4,Sat Feb 01 05:41:23 +0000 2014,False,http://dlvr.it,,"{""id"":160930875,""profile_sidebar_fill_color"":""99CC33"",""profile_text_color"":""3E4415"",""followers_count"":7865,""location"":""Nairobi , Kenya"",""profile_background_color"":""352726"",""listed_count"":74,""utc_offset"":10800,""statuses_count"":744909,""description"":""Born again #Christian #Baptist #Conservative #ProLife #TeaParty #TeamJesus #tcot #Cessationist #Blogger #Marketer #Capitalist #Arsenal #Calvinist #Reformed"",""friends_count"":8297,""profile_link_color"":""D02B55"",""profile_image_url"":""https://pbs.twimg.com/profile_images/1328056909/juan_normal.jpg"",""geo_enabled"":true,""profile_banner_url"":""https://pbs.twimg.com/profile_banners/160930875/1380040985"",""profile_background_image_url"":""http://a0.twimg.com/profile_background_images/344918034409623793/dc616114d38b869240eae792af1c3f9e.jpeg"",""screen_name"":""juanmuriango"",""lang"":""en"",""profile_background_tile"":true,""favourites_count"":13241,""name"":""john muriango"",""url"":""http://t.co/dp7mEQEbsc"",""created_at"":""Tue Jun 29 14:08:24 +0000 2010"",""time_zone"":""Nairobi"",""protected"":false}",,429489636746878976,,"{""http://t.co/aCmS22XMt4"":""http://dlvr.it/4qWfRZ""}",,,,,,,
88,en,False,False,McLean High School student’s heroin overdose shows disturbing trend facing police http://t.co/cuhrnmsmtn,Sat Feb 01 05:41:23 +0000 2014,False,http://dlvr.it,,"{""id"":438866699,""profile_sidebar_fill_color"":""F6FFD1"",""profile_text_color"":""333333"",""followers_count"":1056,""location"":""All Round The World"",""profile_background_color"":""FFF04D"",""listed_count"":4,""utc_offset"":25200,""statuses_count"":86538,""description"":""Be true to yourself. Fell free to dream. Fear not failur. This is the only real one!"",""friends_count"":519,""profile_link_color"":""0099CC"",""profile_image_url"":""https://pbs.twimg.com/profile_images/378800000729762502/935e59eff84d28d61bcda85134dec7d5_normal.jpeg"",""geo_enabled"":true,""profile_banner_url"":""https://pbs.twimg.com/profile_banners/438866699/1383131222"",""profile_background_image_url"":""http://abs.twimg.com/images/themes/theme19/bg.gif"",""screen_name"":""cavinhandoko"",""lang"":""en"",""profile_background_tile"":false,""favourites_count"":1982,""name"":""Cavin Handoko"",""url"":""https://t.co/fYgg9tGXAb"",""created_at"":""Sat Dec 17 03:28:55 +0000 2011"",""time_zone"":""Bangkok"",""protected"":false}",,429489636444884992,,"{""http://t.co/cuhrnmsmtn"":""http://dlvr.it/4qWfRF""}",,,,,,True,
89,en,False,False,McLean High School student’s heroin overdose shows disturbing trend facing police http://t.co/lmetostVCT,Sat Feb 01 05:41:23 +0000 2014,False,http://dlvr.it,,"{""lang"":""es"",""profile_background_tile"":false,""statuses_count"":6837,""description"":""http://t.co/QfVqlSzZFY El portal de clasificados latino mas gran del Estado de California."",""friends_count"":1227,""url"":""http://t.co/QfVqlSzZFY"",""profile_sidebar_fill_color"":""DDEEF6"",""created_at"":""Wed Oct 16 13:39:08 +0000 2013"",""profile_link_color"":""0084B4"",""profile_image_url"":""https://pbs.twimg.com/profile_images/378800000604928091/74a5ba7287ceb0861415332ca1876888_normal.jpeg"",""screen_name"":""BazarCalifornia"",""profile_text_color"":""333333"",""followers_count"":565,""protected"":false,""location"":""California, Estados Unidos"",""profile_background_color"":""C0DEED"",""profile_banner_url"":""https://pbs.twimg.com/profile_banners/1964807762/1381931094"",""id"":1964807762,""profile_background_image_url"":""http://abs.twimg.com/images/themes/theme1/bg.png"",""name"":""Bazar California""}",,429489636423897090,,"{""http://t.co/lmetostVCT"":""http://dlvr.it/4qWfQl""}",,,,,,,
90,en,False,False,McLean High School student’s heroin overdose shows disturbing trend facing police http://t.co/dSIiQNTVwz,Sat Feb 01 05:41:23 +0000 2014,False,http://dlvr.it,,"{""lang"":""en"",""profile_background_tile"":false,""statuses_count"":79361,""name"":""-"",""friends_count"":1,""profile_sidebar_fill_color"":""FFF7CC"",""created_at"":""Sun Nov 11 07:15:46 +0000 2012"",""profile_link_color"":""FF0000"",""time_zone"":""Bangkok"",""profile_image_url"":""https://pbs.twimg.com/profile_images/378800000272881832/5b8f0cfac4c883176b1828a7f1faab45_normal.jpeg"",""profile_text_color"":""0C3E53"",""followers_count"":345,""protected"":false,""utc_offset"":25200,""profile_background_color"":""BADFCD"",""id"":940736066,""profile_background_image_url"":""http://abs.twimg.com/images/themes/theme12/bg.gif"",""screen_name"":""Jsica_GG""}",,429489636386144256,,"{""http://t.co/dSIiQNTVwz"":""http://dlvr.it/4qWfQy""}",,,,,,,
91,en,False,False,"Crime prevention education, animal control services &amp; house watch are just a few ways our police force makes citizens feel safe &amp; secure.",Sat Feb 01 05:40:22 +0000 2014,False,http://leadify.net,,"{""id"":382165467,""profile_sidebar_fill_color"":""DDEEF6"",""profile_text_color"":""333333"",""followers_count"":506,""location"":""Ridgeland, Mississippi"",""profile_background_color"":""B2DFDA"",""listed_count"":11,""utc_offset"":-21600,""statuses_count"":1538,""description"":""A city of approximately 25,000 located in southern Madison County, just north of the state capital, Jackson, Mississippi. There's more here!"",""friends_count"":499,""profile_link_color"":""45DB3D"",""profile_image_url"":""https://pbs.twimg.com/profile_images/1565435680/twitter_logo_normal.JPG"",""profile_banner_url"":""https://pbs.twimg.com/profile_banners/382165467/1371751075"",""profile_background_image_url"":""http://abs.twimg.com/images/themes/theme13/bg.gif"",""screen_name"":""Ridgeland_MS"",""lang"":""en"",""profile_background_tile"":false,""name"":""City of Ridgeland"",""url"":""http://t.co/EupfT0G0hq"",""created_at"":""Thu Sep 29 16:03:27 +0000 2011"",""time_zone"":""Central Time (US & Canada)"",""protected"":false}",,429489380147740672,,,,,,,,,
92,en,False,False,@Vote4AAP @AamAadmiParty @MSisodia&gt;RSS etc's Bigotry-Irrationality-Misogyny a Way o Life-80% Ppl w/ NO Civic SENSE-Police Partners of Crime&gt;,Sat Feb 01 05:38:35 +0000 2014,False,web,,"{""id"":32981486,""profile_sidebar_fill_color"":""1C1C1C"",""profile_text_color"":""6B6B6B"",""followers_count"":3566,""location"":""Delhi NCR, India + California "",""profile_background_color"":""FFFFFF"",""listed_count"":130,""utc_offset"":19800,""statuses_count"":52149,""description"":""Dreamer…Management–Strategy…Designer…Architect…Interiors—Green+Smart Bldgs–Living–Techs…Nature Lover…Unity+Honest–Productive Governance…Historian…Foodie…Writing"",""friends_count"":3881,""profile_link_color"":""FFB400"",""profile_image_url"":""https://pbs.twimg.com/profile_images/1150083453/sunjayjk.posterous.com_normal.jpg"",""profile_banner_url"":""https://pbs.twimg.com/profile_banners/32981486/1357579985"",""profile_background_image_url"":""http://a0.twimg.com/profile_background_images/108800234/twitter_animal3.br.jpg"",""screen_name"":""SunjayJK"",""lang"":""en"",""profile_background_tile"":false,""favourites_count"":2386,""name"":""Sunjay JK"",""url"":""http://t.co/M2yqESAnyF"",""created_at"":""Sat Apr 18 19:20:12 +0000 2009"",""time_zone"":""New Delhi"",""protected"":false}",,429488933169147904,,,"[{""screen_name"":""Vote4AAP"",""id"":1339772964,""name"":""Vote 4 AAP - झाड़ू ""},{""screen_name"":""AamAadmiParty"",""id"":711694309,""name"":""Aam Aadmi Party""},{""screen_name"":""msisodia"",""id"":30417501,""name"":""Manish Sisodia""}]",,,Vote4AAP,1339772964,,429286389755035648
93,en,False,False,@pataz1 Her DNA was not found mixed all over the crime scene. Also Perugia's police allowed crime scene to be traipsed over multiple times.,Sat Feb 01 05:37:20 +0000 2014,False,http://twitter.com/download/android,,"{""id"":19256064,""profile_sidebar_fill_color"":""EFE5CB"",""profile_text_color"":""6D5B55"",""followers_count"":30,""location"":""Denver, CO"",""profile_background_color"":""457679"",""utc_offset"":-28800,""statuses_count"":532,""description"":""Hair twirler."",""friends_count"":71,""profile_link_color"":""457679"",""profile_image_url"":""https://pbs.twimg.com/profile_images/2890567843/b2dc69c1ac9a67d3008d798e70251cf1_normal.jpeg"",""profile_background_image_url"":""http://a0.twimg.com/profile_background_images/104882238/vintage-romance.jpg"",""name"":""Heather Erickson"",""lang"":""en"",""profile_background_tile"":false,""favourites_count"":88,""screen_name"":""HKateE"",""url"":""http://t.co/S3ASDM4rjB"",""created_at"":""Tue Jan 20 20:41:18 +0000 2009"",""time_zone"":""Pacific Time (US & Canada)"",""protected"":false}",,429488616197193730,,,"[{""screen_name"":""pataz1"",""id"":95328958,""name"":""pat a.""}]",,,pataz1,95328958,,429487406471860224
94,en,False,False,RT @ABCNews24_: Now: Greens Hansen Young says closure of Mt Thomas police station reckless and will increase crime from Ramsay Street to Su…,Sat Feb 01 05:36:44 +0000 2014,False,http://twitter.com/download/android,,"{""id"":1105420999,""profile_sidebar_fill_color"":""DDEEF6"",""profile_text_color"":""333333"",""followers_count"":334,""profile_background_color"":""C0DEED"",""listed_count"":6,""utc_offset"":39600,""statuses_count"":3314,""description"":""Parody, Writer, Thinker, Strategist, International political career wrecker!"",""friends_count"":623,""profile_link_color"":""0084B4"",""profile_image_url"":""https://pbs.twimg.com/profile_images/3132327736/bc7f474dcf1a13572c23383d4a8d9b68_normal.jpeg"",""geo_enabled"":true,""profile_banner_url"":""https://pbs.twimg.com/profile_banners/1105420999/1370155643"",""profile_background_image_url"":""http://abs.twimg.com/images/themes/theme1/bg.png"",""screen_name"":""J0HNMcTERNAN"",""lang"":""en"",""profile_background_tile"":false,""favourites_count"":71,""name"":""Comrade John"",""created_at"":""Sun Jan 20 05:06:30 +0000 2013"",""time_zone"":""Canberra"",""protected"":false}",43,429488467572056064,,,"[{""screen_name"":""ABCNews24_"",""id"":2257297416,""name"":""ABC News24""}]","[""auspol""]","\""http://twitter.com/download/iphone\""",,,,
95,en,False,False,2/2 Police will assist with injured animals when they are on a highway or where a crime is suspected,Sat Feb 01 05:35:35 +0000 2014,False,http://www.tweetcaster.com,,"{""id"":980631042,""profile_sidebar_fill_color"":""DDEEF6"",""profile_text_color"":""333333"",""followers_count"":1037,""location"":""Hertfordshire, England, UK"",""profile_background_color"":""C0DEED"",""listed_count"":17,""statuses_count"":2059,""description"":""Herts Police Rural Operational Support Team supporting the Rural Community in respect of Rural, Heritage, Wildlife and Environmental Crime"",""friends_count"":312,""profile_link_color"":""0084B4"",""profile_image_url"":""https://pbs.twimg.com/profile_images/2930811626/546b1de4b47cf352ebe4a5dc3516a494_normal.jpeg"",""profile_background_image_url"":""http://a0.twimg.com/profile_background_images/728949795/be54d924dbae4e6f2fa9037673ee3b8c.jpeg"",""screen_name"":""HertsPolRural"",""lang"":""en"",""profile_background_tile"":false,""favourites_count"":79,""name"":""Herts Police Rural"",""url"":""http://t.co/bMs9G0H5"",""created_at"":""Fri Nov 30 15:08:23 +0000 2012"",""time_zone"":""London"",""protected"":false}",,429488175862808576,,,,,,,,,
96,en,False,False,@NoMoreDemocracy there's crime in it but no police or anything like that.,Sat Feb 01 05:35:23 +0000 2014,False,http://www.twitter.com,,"{""lang"":""en"",""profile_background_tile"":false,""favourites_count"":1050,""description"":""Not AMC or Chandler Riggs. Horse has hurt my feelings by being a bitch........ AGAIN!!!!!!"",""friends_count"":298,""profile_sidebar_fill_color"":""DDEEF6"",""created_at"":""Mon Nov 11 03:38:17 +0000 2013"",""profile_link_color"":""0084B4"",""profile_image_url"":""https://pbs.twimg.com/profile_images/417730333136945152/OcTJvFfX_normal.jpeg"",""name"":""The Real Slim Shady"",""profile_text_color"":""333333"",""followers_count"":1341,""protected"":false,""screen_name"":""CarlDamnGrimes"",""location"":""On the road with Rick"",""profile_background_color"":""C0DEED"",""statuses_count"":15481,""profile_banner_url"":""https://pbs.twimg.com/profile_banners/2187620424/1391228472"",""id"":2187620424,""profile_background_image_url"":""http://abs.twimg.com/images/themes/theme1/bg.png"",""listed_count"":2}",,429488126608678912,,,"[{""screen_name"":""NoMoreDemocracy"",""id"":2259351985,""name"":""Rick Grimes""}]",,,NoMoreDemocracy,2259351985,,429487679915319297
97,en,False,False,"RT @SinghRPN: .@AngellicAribam Yes,hv spoken to Delhi police for full and speedy probe,it is the most dastardly crime.shames all of us as I…",Sat Feb 01 05:32:45 +0000 2014,False,https://mobile.twitter.com,,"{""id"":78788450,""profile_sidebar_fill_color"":""95E8EC"",""profile_text_color"":""3C3940"",""followers_count"":1689,""location"":""somewhere in INDIA or BHARAT"",""profile_background_color"":""010B0D"",""listed_count"":22,""utc_offset"":19800,""statuses_count"":5678,""description"":""An unofficial Congi or CRT or whatever, Student of Law, a Proud Indian, Tweets are Personal, Hate Pseudo-Nationalists!"",""friends_count"":77,""profile_link_color"":""B800B2"",""profile_image_url"":""https://pbs.twimg.com/profile_images/3060691040/91465ea2733b3e755e7dfd599dcce806_normal.jpeg"",""profile_banner_url"":""https://pbs.twimg.com/profile_banners/78788450/1373955238"",""profile_background_image_url"":""http://a0.twimg.com/profile_background_images/378800000024898479/8445873058c422fce4b720c2ffb2979d.jpeg"",""screen_name"":""YoungCongressi"",""lang"":""en"",""profile_background_tile"":true,""favourites_count"":31,""name"":""YoungCongressi"",""url"":""http://t.co/b3L1Oz5uAy"",""created_at"":""Thu Oct 01 03:20:53 +0000 2009"",""time_zone"":""New Delhi"",""protected"":false}",8,429487461878992897,,,"[{""screen_name"":""SinghRPN"",""id"":1119384594,""name"":""RPN Singh""},{""screen_name"":""AngellicAribam"",""id"":1032352716,""name"":""Angellica Aribam""}]",,"\""http://twitter.com/download/iphone\""",,,,
98,en,False,False,Heroin sold in McDonald's Happy Meals: Police http://t.co/4ZLnMPX3rc @bskousen we could of been rich!,Sat Feb 01 05:31:32 +0000 2014,False,http://twitter.com/download/android,,"{""lang"":""en"",""profile_background_tile"":false,""favourites_count"":74,""description"":""retired gaming nerd - randomness extraordinaire - dad of 2 boys and a loving wife - views are mine alone"",""friends_count"":190,""url"":""http://t.co/sjeclR6eMu"",""profile_sidebar_fill_color"":""DDEEF6"",""created_at"":""Thu Aug 22 05:25:54 +0000 2013"",""profile_link_color"":""0084B4"",""profile_image_url"":""https://pbs.twimg.com/profile_images/378800000372269769/3262871addfd1c33f04d6e8df6c1ae2b_normal.jpeg"",""name"":""carlin skousen"",""profile_text_color"":""333333"",""followers_count"":91,""protected"":false,""screen_name"":""_duderz"",""profile_background_color"":""C0DEED"",""statuses_count"":441,""profile_banner_url"":""https://pbs.twimg.com/profile_banners/1690139941/1377151401"",""id"":1690139941,""profile_background_image_url"":""http://abs.twimg.com/images/themes/theme1/bg.png"",""listed_count"":2}",,429487155757330432,2,"{""http://t.co/4ZLnMPX3rc"":""http://news.msn.com/crime-justice/heroin-sold-in-mcdonalds-happy-meals-police#tscptmt""}","[{""screen_name"":""bskousen"",""id"":35901992,""name"":""Brendan Skousen""}]",,,,,,
99,en,False,False,Man sentenced for fraud: FLORENCE — A man who police said took advantage of a good Samaritan has been sentence... http://t.co/ZySyaI2YFh,Sat Feb 01 05:31:05 +0000 2014,False,http://twitterfeed.com,,"{""id"":80747858,""profile_sidebar_fill_color"":""D8F0E8"",""profile_text_color"":""333333"",""followers_count"":4788,""location"":""The Shoals, Alabama"",""profile_background_color"":""336666"",""listed_count"":132,""utc_offset"":-21600,""statuses_count"":14546,""description"":""We are the leading source for news and information in The Shoals, Alabama."",""friends_count"":39,""profile_link_color"":""00A161"",""profile_image_url"":""https://pbs.twimg.com/profile_images/931486860/logo2_normal.gif"",""profile_background_image_url"":""http://a0.twimg.com/profile_background_images/105224291/tdtwitterbkg8.gif"",""screen_name"":""TimesDaily"",""lang"":""en"",""profile_background_tile"":true,""favourites_count"":26,""name"":""TimesDaily Newspaper"",""url"":""http://t.co/qI6oyqCSX8"",""created_at"":""Thu Oct 08 02:47:30 +0000 2009"",""time_zone"":""Central Time (US & Canada)"",""protected"":false}",,429487042423033856,,"{""http://t.co/ZySyaI2YFh"":""http://bit.ly/1kpmaVM""}",,,,,,,
100,en,False,False,#police #judgment #crime #court http://t.co/yXXZSpnmGO notes 6 #Laws You've Broken Without Even Realizing It http://t.co/cfuzHBt8kN,Sat Feb 01 05:30:42 +0000 2014,False,http://tweetadder.com,,"{""id"":352424255,""profile_sidebar_fill_color"":""7AC3EE"",""profile_text_color"":""3D1957"",""followers_count"":2835,""location"":""UK"",""profile_background_color"":""642D8B"",""listed_count"":50,""utc_offset"":3600,""statuses_count"":73220,""description"":""Querying ‘R we developed or civilized #animals?’ & tracing 'Women P: Femocracy' we air #Modern #World shaping Axioms-Incidents-Means. Follow & get 3D icon in DM"",""friends_count"":3069,""profile_link_color"":""FF0000"",""profile_image_url"":""https://pbs.twimg.com/profile_images/1657599069/modernworldsmall_normal.gif"",""profile_banner_url"":""https://pbs.twimg.com/profile_banners/352424255/1354799473"",""profile_background_image_url"":""http://a0.twimg.com/profile_background_images/347173857/modern_world_hub1.jpg"",""screen_name"":""ModernWorldHub"",""lang"":""en"",""profile_background_tile"":true,""name"":""ModernWorld Hub"",""url"":""http://t.co/BkR6nHsYou"",""created_at"":""Wed Aug 10 16:10:26 +0000 2011"",""time_zone"":""Amsterdam"",""protected"":false}",,429486947955146752,,"{""http://t.co/yXXZSpnmGO"":""http://bit.ly/MsaWlz"",""http://t.co/cfuzHBt8kN"":""http://bit.ly/Q0dDwO""}",,"[""police"",""judgment"",""crime"",""court"",""Laws""]",,,,,
101,en,False,False,"RT @SinghRPN: .@AngellicAribam Yes,hv spoken to Delhi police for full and speedy probe,it is the most dastardly crime.shames all of us as I…",Sat Feb 01 05:28:23 +0000 2014,False,https://roundteam.co,,"{""lang"":""en"",""profile_background_tile"":false,""favourites_count"":878,""description"":""software engineer, love trekking ."",""friends_count"":334,""profile_sidebar_fill_color"":""F6FFD1"",""created_at"":""Fri Nov 01 18:27:32 +0000 2013"",""profile_link_color"":""0099CC"",""profile_image_url"":""https://pbs.twimg.com/profile_images/378800000810424055/8a6f99d7ea45ebd99fdfd36f5bf30ee2_normal.jpeg"",""name"":""Arvindgopal"",""profile_text_color"":""333333"",""followers_count"":459,""protected"":false,""screen_name"":""gopalarvind94"",""profile_background_color"":""FFF04D"",""statuses_count"":6227,""profile_banner_url"":""https://pbs.twimg.com/profile_banners/2168885598/1383836835"",""id"":2168885598,""profile_background_image_url"":""http://a0.twimg.com/profile_background_images/378800000111221686/56041af773a75a39225018af48c21019.jpeg"",""listed_count"":1}",8,429486365659906048,,,"[{""screen_name"":""SinghRPN"",""id"":1119384594,""name"":""RPN Singh""},{""screen_name"":""AngellicAribam"",""id"":1032352716,""name"":""Angellica Aribam""}]",,"\""http://twitter.com/download/iphone\""",,,,
102,en,False,False,RT @DemandAction: #NRAadvice: Don’t cooperate with police if your gun shows up at a crime scene: http://t.co/c96U10ed1l,Sat Feb 01 05:25:49 +0000 2014,False,web,,"{""id"":415826305,""profile_sidebar_fill_color"":""EFEFEF"",""profile_text_color"":""333333"",""followers_count"":5130,""location"":""Los Angeles Digital Journo"",""profile_background_color"":""131516"",""listed_count"":72,""utc_offset"":-28800,""statuses_count"":142603,""description"":""Rights Advocate Covering: NatSec,  §215,  §702, EO12333, &  the clash between the oppressed & those who do the oppressing via economic Inequity and austerity"",""friends_count"":4188,""profile_link_color"":""009999"",""profile_image_url"":""https://pbs.twimg.com/profile_images/428522208923631616/KORrxYLV_normal.jpeg"",""profile_banner_url"":""https://pbs.twimg.com/profile_banners/415826305/1374808240"",""profile_background_image_url"":""http://a0.twimg.com/profile_background_images/378800000177666103/Ewjg0byM.jpeg"",""screen_name"":""j03_2"",""lang"":""en"",""profile_background_tile"":true,""favourites_count"":15819,""name"":""j03"",""url"":""http://t.co/1YvdOwouA8"",""created_at"":""Fri Nov 18 21:34:55 +0000 2011"",""time_zone"":""Pacific Time (US & Canada)"",""protected"":false}",18,429485718771990528,,"{""http://t.co/c96U10ed1l"":""http://maig.us/1bdFqCK""}","[{""screen_name"":""DemandAction"",""id"":250386727,""name"":""Demand Action""}]","[""NRAadvice""]","\""http://bufferapp.com\""",,,True,
103,en,False,False,"RT @SinghRPN: .@AngellicAribam Yes,hv spoken to Delhi police for full and speedy probe,it is the most dastardly crime.shames all of us as I…",Sat Feb 01 05:25:12 +0000 2014,False,https://mobile.twitter.com,,"{""id"":473971011,""profile_sidebar_fill_color"":""E3E2DE"",""profile_text_color"":""634047"",""followers_count"":21,""location"":""New Delhi / Sikkim"",""profile_background_color"":""EDECE9"",""utc_offset"":19800,""statuses_count"":214,""description"":""Student of Hansraj College,D U."",""friends_count"":77,""profile_link_color"":""088253"",""profile_image_url"":""https://pbs.twimg.com/profile_images/378800000722337735/ef5193607741204d090c64b77917e17b_normal.jpeg"",""geo_enabled"":true,""profile_banner_url"":""https://pbs.twimg.com/profile_banners/473971011/1390026972"",""profile_background_image_url"":""http://abs.twimg.com/images/themes/theme3/bg.gif"",""name"":""Pranay Khatiwara"",""lang"":""en"",""profile_background_tile"":false,""favourites_count"":8,""screen_name"":""Pranay_18"",""url"":""http://t.co/oukm7mrBzg"",""created_at"":""Wed Jan 25 14:32:23 +0000 2012"",""time_zone"":""New Delhi"",""protected"":false}",8,429485563507654656,,,"[{""screen_name"":""SinghRPN"",""id"":1119384594,""name"":""RPN Singh""},{""screen_name"":""AngellicAribam"",""id"":1032352716,""name"":""Angellica Aribam""}]",,"\""http://twitter.com/download/iphone\""",,,,
104,en,False,False,Baby Boy Death:  3 Arrested Over Murder http://t.co/rVZCBbtAEi #News #Crime #Police #PoliceAppeal,Sat Feb 01 05:23:12 +0000 2014,False,http://twitter.com/tweetbutton,,"{""lang"":""en"",""profile_background_tile"":false,""favourites_count"":3795,""name"":""Moondamp_Roses"",""friends_count"":2003,""url"":""http://t.co/D420ixOJVL"",""profile_sidebar_fill_color"":""9CD7F2"",""created_at"":""Tue Jun 15 06:22:04 +0000 2010"",""profile_link_color"":""0000FF"",""profile_image_url"":""https://pbs.twimg.com/profile_images/378800000712341075/73b57831a9885a8ab699b23515f0d329_normal.png"",""screen_name"":""Moondamp_Roses"",""profile_text_color"":""186577"",""followers_count"":1141,""protected"":false,""location"":""United Kingdom"",""profile_background_color"":""FFFFFF"",""statuses_count"":29988,""profile_banner_url"":""https://pbs.twimg.com/profile_banners/155809189/1361800850"",""id"":155809189,""profile_background_image_url"":""http://a0.twimg.com/profile_background_images/406458865/fish2.br.jpg"",""listed_count"":51}",,429485059242856448,,"{""http://t.co/rVZCBbtAEi"":""http://news.sky.com/story/1204556/baby-boy-death-three-arrested-over-murder""}",,"[""News"",""Crime"",""Police"",""PoliceAppeal""]",,,,,
105,en,False,False,"RT @AbusedChildren: Richland: Police: Convicted child rapist living in Richland | Crime, fires &amp; court news |... http://t.co/7qfXmTza0l",Sat Feb 01 05:22:38 +0000 2014,False,web,,"{""id"":463145498,""profile_sidebar_fill_color"":""7AC3EE"",""profile_text_color"":""3D1957"",""followers_count"":358,""location"":""Worldwide "",""profile_background_color"":""1A1B1F"",""listed_count"":10,""utc_offset"":-18000,""statuses_count"":11992,""description"":""My name is Donna. I'm the Missing Children Division Director at Dreamcatchers for Abused Children. Join me on Facebook at: https://t.co/50vqcwOIgi"",""friends_count"":86,""profile_link_color"":""2FC2EF"",""profile_image_url"":""https://pbs.twimg.com/profile_images/2120923353/n100000040210270_349-1-1-1_normal.jpg"",""profile_banner_url"":""https://pbs.twimg.com/profile_banners/463145498/1382141076"",""profile_background_image_url"":""http://a0.twimg.com/profile_background_images/520080504/missing051606b.jpg"",""screen_name"":""MissingDivision"",""lang"":""en"",""profile_background_tile"":true,""favourites_count"":9,""name"":""MissingDivision"",""url"":""http://t.co/jdbSCTPebb"",""created_at"":""Fri Jan 13 19:37:57 +0000 2012"",""time_zone"":""Eastern Time (US & Canada)"",""protected"":false}",4,429484915839991808,,"{""http://t.co/7qfXmTza0l"":""http://fb.me/X7CmKQu8""}","[{""screen_name"":""AbusedChildren"",""id"":15859498,""name"":""Dreamcatchers ""}]",,"\""http://www.facebook.com/twitter\""",,,,
106,en,False,False,"RT @AsperCat: French police arrest the man who tortured a cat and recorded it for Facebook: 
The Frenchman who was captured... http://t.co/…",Sat Feb 01 05:21:56 +0000 2014,False,web,,"{""lang"":""en"",""profile_background_tile"":false,""favourites_count"":236,""description"":""Never despair"",""friends_count"":1183,""profile_sidebar_fill_color"":""F3F3F3"",""created_at"":""Sun Aug 11 10:53:33 +0000 2013"",""profile_link_color"":""990000"",""profile_image_url"":""https://pbs.twimg.com/profile_images/378800000273915558/ff268376b2e7be74eee9fceed5be8a1a_normal.jpeg"",""name"":""Felicity Gamelin"",""profile_text_color"":""333333"",""followers_count"":913,""protected"":false,""screen_name"":""FelicityGamelin"",""profile_background_color"":""000000"",""statuses_count"":2828,""id"":1662269816,""profile_background_image_url"":""http://a0.twimg.com/profile_background_images/378800000065885896/b89e05a0f52d0971fc16801f35153e27.jpeg"",""listed_count"":5}",1,429484743227625472,,"{""http://t.co/ZHoqqWarMi"":""http://bit.ly/LxSXeY""}","[{""screen_name"":""AsperCat"",""id"":464019272,""name"":""Cat Chi""}]",,"\""http://twitterfeed.com\""",,,,
107,en,False,False,"RT @AbusedChildren: Richland: Police: Convicted child rapist living in Richland | Crime, fires &amp; court news |... http://t.co/7qfXmTza0l",Sat Feb 01 05:19:53 +0000 2014,False,web,,"{""id"":425242042,""profile_sidebar_fill_color"":""DDEEF6"",""profile_text_color"":""333333"",""followers_count"":96,""location"":""Michigan - Worldwide"",""profile_background_color"":""C0DEED"",""listed_count"":4,""utc_offset"":-18000,""statuses_count"":6373,""description"":""Do YOU have questions or a comment on Child Abuse, DV or Teen Issues? Join the discussion on Dreamcatchers Talk Radio - Let YOUR voice be heard!!!  917-932-1132"",""friends_count"":309,""profile_link_color"":""0084B4"",""profile_image_url"":""https://pbs.twimg.com/profile_images/3578841868/4e9f9bcdf72d2c8960cd606c4b3b2605_normal.jpeg"",""profile_banner_url"":""https://pbs.twimg.com/profile_banners/425242042/1367020392"",""profile_background_image_url"":""http://a0.twimg.com/profile_background_images/438859869/SYDrwhqmj2.jpg"",""screen_name"":""DFAC_DTR"",""lang"":""en"",""profile_background_tile"":true,""favourites_count"":7,""name"":""Dreamcatchers Radio"",""url"":""http://t.co/Kjoz90jIod"",""created_at"":""Wed Nov 30 19:08:09 +0000 2011"",""time_zone"":""Eastern Time (US & Canada)"",""protected"":false}",4,429484226082525184,,"{""http://t.co/7qfXmTza0l"":""http://fb.me/X7CmKQu8""}","[{""screen_name"":""AbusedChildren"",""id"":15859498,""name"":""Dreamcatchers ""}]",,"\""http://www.facebook.com/twitter\""",,,True,
108,en,False,False,"RT @BaltoSpectator: I uploaded a new track, ""Lying Bastards Of Baltimore Police"", on @spreaker #baltimore #crime #fascism http://t.co/A8hyR…",Sat Feb 01 05:19:44 +0000 2014,False,web,,"{""id"":1105528855,""profile_sidebar_fill_color"":""DDEEF6"",""profile_text_color"":""333333"",""followers_count"":412,""location"":""Here But I'm Gone"",""profile_background_color"":""131516"",""listed_count"":8,""utc_offset"":-18000,""statuses_count"":3257,""description"":""| GrassRoots Bloc Building | For Dignity & Justice in Baltimore | #BmoreBloc #Decolonize #IndyMedia #MotoMwingi در حرکت"",""friends_count"":564,""profile_link_color"":""B91ED1"",""profile_image_url"":""https://pbs.twimg.com/profile_images/3132579778/0f8354cae3a058b927fbc75cc58f1c76_normal.jpeg"",""profile_banner_url"":""https://pbs.twimg.com/profile_banners/1105528855/1358664069"",""profile_background_image_url"":""http://a0.twimg.com/profile_background_images/378800000140804623/ySxelqxO.jpeg"",""screen_name"":""BmoreBloc"",""lang"":""en"",""profile_background_tile"":true,""favourites_count"":918,""name"":""kimⒶthi"",""url"":""http://t.co/aG2QwQJAyu"",""created_at"":""Sun Jan 20 06:19:24 +0000 2013"",""time_zone"":""Eastern Time (US & Canada)"",""protected"":false}",1,429484187171971072,,"{""http://t.co/A8hyRDIC1K"":""http://www.spreaker.com/user/baltimorespectator/lying-bastards-of-baltimore-police?autoplay=1""}","[{""screen_name"":""BaltoSpectator"",""id"":21242484,""name"":""Agitator In Chief""},{""screen_name"":""spreaker"",""id"":53469538,""name"":""Spreaker""}]","[""baltimore"",""crime"",""fascism""]","\""http://www.spreaker.com\""",,,,
109,en,False,False,RT @blackmagicgal1: So AAP will continue to cry foul at Delhi police whenever a crime is reported rather than take responsibility like a go…,Sat Feb 01 05:18:59 +0000 2014,False,http://twitter.com/download/android,,"{""lang"":""en"",""profile_background_tile"":false,""favourites_count"":4,""name"":""Yasshveer Raghav"",""friends_count"":300,""url"":""http://t.co/JIin2UoWIx"",""profile_sidebar_fill_color"":""DDEEF6"",""created_at"":""Wed Feb 22 07:10:28 +0000 2012"",""profile_link_color"":""038000"",""profile_image_url"":""https://pbs.twimg.com/profile_images/424004407294844930/7gA3UVSa_normal.jpeg"",""profile_text_color"":""333333"",""followers_count"":61,""protected"":false,""location"":""Gurgaon"",""profile_background_color"":""EB3A0E"",""statuses_count"":2230,""id"":499547777,""profile_background_image_url"":""http://abs.twimg.com/images/themes/theme18/bg.gif"",""screen_name"":""YashveerRaghav""}",7,429483997932949504,,,"[{""screen_name"":""blackmagicgal1"",""id"":318201824,""name"":""Sue""}]",,"{""lang"":""en"",""favorited"":false,""truncated"":false,""text"":""So AAP will continue to cry foul at Delhi police whenever a crime is reported rather than take responsibility like a govt should."",""created_at"":""Fri Jan 31 16:47:31 +0000 2014"",""retweeted"":false,""source"":""web"",""user"":{""id"":318201824,""profile_sidebar_fill_color"":""EAE8F0"",""profile_text_color"":""EBC42A"",""followers_count"":3748,""location"":""Planet Earth or up in the air "",""profile_background_color"":""0D0F0E"",""listed_count"":90,""utc_offset"":14400,""statuses_count"":59369,""description"":""I am a leaf in the wind, watch how I soar. The black magic lies in my eyes, read my tweets for more!"",""friends_count"":137,""profile_link_color"":""1B00B3"",""profile_image_url"":""https://pbs.twimg.com/profile_images/425949923486355456/knJaq8FK_normal.jpeg"",""profile_banner_url"":""https://pbs.twimg.com/profile_banners/318201824/1389304438"",""profile_background_image_url"":""http://a0.twimg.com/profile_background_images/378800000121260163/78be652bc2442b44c92560948a1e901d.jpeg"",""screen_name"":""blackmagicgal1"",""lang"":""en"",""profile_background_tile"":false,""favourites_count"":28240,""name"":""Sue"",""created_at"":""Thu Jun 16 03:38:35 +0000 2011"",""time_zone"":""Abu Dhabi"",""protected"":false},""retweet_count"":7,""id"":429294884885762048,""favorite_count"":5}",,,,
110,en,False,False,RT @bradybuzz: BREAKING NEWS: Judge’s ruling favors officers in Badger Guns suit: http://t.co/QcQP0vLtd4,Sat Feb 01 05:17:58 +0000 2014,False,http://tapbots.com/tweetbot,,"{""lang"":""en"",""profile_background_tile"":false,""favourites_count"":1,""name"":""skippy the bkroo"",""friends_count"":1356,""url"":""http://t.co/Md8iHRXJwL"",""profile_sidebar_fill_color"":""DDEEF6"",""created_at"":""Fri Feb 27 21:27:05 +0000 2009"",""profile_link_color"":""0084B4"",""time_zone"":""Pacific Time (US & Canada)"",""profile_image_url"":""https://pbs.twimg.com/profile_images/84193236/Roo_Logo_from_Lauren_normal.JPG"",""screen_name"":""skippybkroo"",""profile_text_color"":""333333"",""followers_count"":1327,""protected"":false,""utc_offset"":-28800,""profile_background_color"":""C0DEED"",""statuses_count"":28124,""id"":22192635,""profile_background_image_url"":""http://abs.twimg.com/images/themes/theme1/bg.png"",""listed_count"":72}",15,429483743066091521,,"{""http://t.co/QcQP0vLtd4"":""http://www.jsonline.com/news/crime/decision-expected-today-in-police-officers-suit-against-badger-guns-b99195027z1-242755941.html""}","[{""screen_name"":""bradybuzz"",""id"":27978179,""name"":""Brady Campaign""}]",,"\""https://about.twitter.com/products/tweetdeck\""",,,,
111,en,False,False,"Driver blows over legal limit http://t.co/PvczzPY7EB
 #crime #Police #WestPerth",Sat Feb 01 05:16:57 +0000 2014,False,http://winthecustomer.com/,,"{""lang"":""en"",""profile_background_tile"":false,""statuses_count"":226,""description"":""- News - Police Reports - Business - Education - Health - Technology  - Travel"",""friends_count"":247,""url"":""http://t.co/upb2xBRinD"",""profile_sidebar_fill_color"":""DDEEF6"",""created_at"":""Tue Jan 21 00:37:33 +0000 2014"",""profile_link_color"":""0084B4"",""profile_image_url"":""https://pbs.twimg.com/profile_images/425458332292243456/dKz-bLj7_normal.jpeg"",""screen_name"":""OntNewsToday"",""profile_text_color"":""333333"",""followers_count"":28,""protected"":false,""location"":""Ontario"",""profile_background_color"":""C0DEED"",""id"":2302233864,""profile_background_image_url"":""http://abs.twimg.com/images/themes/theme1/bg.png"",""name"":""Ontario News Today""}",,429483488165654528,,"{""http://t.co/PvczzPY7EB"":""http://bit.ly/1dfATfI""}",,"[""crime"",""Police"",""WestPerth""]",,,,,
112,en,False,False,RT @bradybuzz: BREAKING NEWS: Judge’s ruling favors officers in Badger Guns suit: http://t.co/QcQP0vLtd4,Sat Feb 01 05:14:28 +0000 2014,False,web,,"{""id"":301019006,""profile_sidebar_fill_color"":""EFEFEF"",""profile_text_color"":""333333"",""followers_count"":5064,""location"":""Windber, PA"",""profile_background_color"":""30060E"",""listed_count"":131,""utc_offset"":-18000,""statuses_count"":26464,""description"":""#Progressive tall snarky #Christian #Liberal 45yo mom! #UniteBlue #Activist #VoterRts #Education #LivingWage #ctl #Johnstown #Windber #PA #Steelers.- I RT A LOT"",""friends_count"":5539,""profile_link_color"":""910B17"",""profile_image_url"":""https://pbs.twimg.com/profile_images/378800000437472720/b1823a0ced58275400c490b841c14f36_normal.png"",""geo_enabled"":true,""profile_banner_url"":""https://pbs.twimg.com/profile_banners/301019006/1355288140"",""profile_background_image_url"":""http://a0.twimg.com/profile_background_images/378800000162836975/WZ2iKTXp.jpeg"",""screen_name"":""Rosebud1668"",""lang"":""en"",""profile_background_tile"":true,""favourites_count"":1189,""name"":""Rosebud"",""url"":""http://t.co/7pHm2dSiDo"",""created_at"":""Wed May 18 18:53:43 +0000 2011"",""time_zone"":""Eastern Time (US & Canada)"",""protected"":false}",15,429482862300397568,,"{""http://t.co/QcQP0vLtd4"":""http://www.jsonline.com/news/crime/decision-expected-today-in-police-officers-suit-against-badger-guns-b99195027z1-242755941.html""}","[{""screen_name"":""bradybuzz"",""id"":27978179,""name"":""Brady Campaign""}]",,"\""https://about.twitter.com/products/tweetdeck\""",,,,
